participant,gendered_female,gendered_male,non_gendered_none,source_file
P1,3.0,2.0,,FINAL_non-gender_gender_fem_male_temp_1.csv
P10,4.0,2.0,2.0,FINAL_non-gender_gender_fem_male_temp_1.csv
P11,2.0,2.0,3.0,FINAL_non-gender_gender_fem_male_temp_1.csv
P12,3.0,3.0,3.0,FINAL_non-gender_gender_fem_male_temp_1.csv
P13,3.0,2.0,,FINAL_non-gender_gender_fem_male_temp_1.csv
P14,4.0,4.0,3.0,FINAL_non-gender_gender_fem_male_temp_1.csv
P15,2.0,2.0,3.0,FINAL_non-gender_gender_fem_male_temp_1.csv
P16,3.0,3.0,,FINAL_non-gender_gender_fem_male_temp_1.csv
P17,2.0,2.0,2.0,FINAL_non-gender_gender_fem_male_temp_1.csv
P20,2.0,3.0,2.0,FINAL_non-gender_gender_fem_male_temp_1.csv
P21,3.0,2.0,2.0,FINAL_non-gender_gender_fem_male_temp_1.csv
P22,3.0,4.0,4.0,FINAL_non-gender_gender_fem_male_temp_1.csv
P24,3.0,3.0,4.0,FINAL_non-gender_gender_fem_male_temp_1.csv
P25,2.0,2.0,2.0,FINAL_non-gender_gender_fem_male_temp_1.csv
P27,4.0,3.0,,FINAL_non-gender_gender_fem_male_temp_1.csv
P29,4.0,3.0,,FINAL_non-gender_gender_fem_male_temp_1.csv
P3,2.0,2.0,,FINAL_non-gender_gender_fem_male_temp_1.csv
P30,2.0,2.0,2.0,FINAL_non-gender_gender_fem_male_temp_1.csv
P31,3.0,2.0,2.0,FINAL_non-gender_gender_fem_male_temp_1.csv
P32,4.0,3.0,4.0,FINAL_non-gender_gender_fem_male_temp_1.csv
P33,2.0,2.0,,FINAL_non-gender_gender_fem_male_temp_1.csv
P34,5.0,4.0,,FINAL_non-gender_gender_fem_male_temp_1.csv
P35,4.0,2.0,2.0,FINAL_non-gender_gender_fem_male_temp_1.csv
P37,3.0,2.0,3.0,FINAL_non-gender_gender_fem_male_temp_1.csv
P4,4.0,4.0,3.0,FINAL_non-gender_gender_fem_male_temp_1.csv
P42,3.0,2.0,,FINAL_non-gender_gender_fem_male_temp_1.csv
P43,3.0,3.0,3.0,FINAL_non-gender_gender_fem_male_temp_1.csv
P44,4.0,4.0,4.0,FINAL_non-gender_gender_fem_male_temp_1.csv
P45,2.0,2.0,3.0,FINAL_non-gender_gender_fem_male_temp_1.csv
P47,2.0,1.0,2.0,FINAL_non-gender_gender_fem_male_temp_1.csv
P48,4.0,3.0,,FINAL_non-gender_gender_fem_male_temp_1.csv
P49,5.0,2.0,4.0,FINAL_non-gender_gender_fem_male_temp_1.csv
P5,4.0,2.0,3.0,FINAL_non-gender_gender_fem_male_temp_1.csv
P50,3.0,2.0,3.0,FINAL_non-gender_gender_fem_male_temp_1.csv
P52,2.0,2.0,2.0,FINAL_non-gender_gender_fem_male_temp_1.csv
P53,2.0,3.0,,FINAL_non-gender_gender_fem_male_temp_1.csv
P55,2.0,2.0,2.0,FINAL_non-gender_gender_fem_male_temp_1.csv
P56,4.0,2.0,,FINAL_non-gender_gender_fem_male_temp_1.csv
P57,4.0,4.0,,FINAL_non-gender_gender_fem_male_temp_1.csv
P58,3.0,3.0,4.0,FINAL_non-gender_gender_fem_male_temp_1.csv
P59,2.0,4.0,,FINAL_non-gender_gender_fem_male_temp_1.csv
P6,3.0,3.0,,FINAL_non-gender_gender_fem_male_temp_1.csv
P60,3.0,3.0,,FINAL_non-gender_gender_fem_male_temp_1.csv
P61,3.0,2.0,2.0,FINAL_non-gender_gender_fem_male_temp_1.csv
P62,3.0,2.0,4.0,FINAL_non-gender_gender_fem_male_temp_1.csv
P63,3.0,2.0,,FINAL_non-gender_gender_fem_male_temp_1.csv
P64,2.0,2.0,,FINAL_non-gender_gender_fem_male_temp_1.csv
P65,2.0,2.0,,FINAL_non-gender_gender_fem_male_temp_1.csv
P66,4.0,3.0,3.0,FINAL_non-gender_gender_fem_male_temp_1.csv
P67,4.0,2.0,3.0,FINAL_non-gender_gender_fem_male_temp_1.csv
P69,2.0,3.0,2.0,FINAL_non-gender_gender_fem_male_temp_1.csv
P7,3.0,4.0,3.0,FINAL_non-gender_gender_fem_male_temp_1.csv
P70,2.0,2.0,,FINAL_non-gender_gender_fem_male_temp_1.csv
P71,2.0,2.0,3.0,FINAL_non-gender_gender_fem_male_temp_1.csv
P72,2.0,2.0,,FINAL_non-gender_gender_fem_male_temp_1.csv
P73,4.0,3.0,3.0,FINAL_non-gender_gender_fem_male_temp_1.csv
P74,4.0,3.0,2.0,FINAL_non-gender_gender_fem_male_temp_1.csv
P76,2.0,3.0,2.0,FINAL_non-gender_gender_fem_male_temp_1.csv
P77,3.0,3.0,2.0,FINAL_non-gender_gender_fem_male_temp_1.csv
P78,2.0,2.0,2.0,FINAL_non-gender_gender_fem_male_temp_1.csv
P79,2.0,4.0,,FINAL_non-gender_gender_fem_male_temp_1.csv
P8,2.0,2.0,2.0,FINAL_non-gender_gender_fem_male_temp_1.csv
P80,4.0,2.0,2.0,FINAL_non-gender_gender_fem_male_temp_1.csv
P81,3.0,2.0,,FINAL_non-gender_gender_fem_male_temp_1.csv
P83,2.0,3.0,3.0,FINAL_non-gender_gender_fem_male_temp_1.csv
P84,4.0,3.0,3.0,FINAL_non-gender_gender_fem_male_temp_1.csv
P85,3.0,4.0,,FINAL_non-gender_gender_fem_male_temp_1.csv
P86,2.0,2.0,,FINAL_non-gender_gender_fem_male_temp_1.csv
P89,2.0,2.0,4.0,FINAL_non-gender_gender_fem_male_temp_1.csv
PP1,2.0,3.0,,FINAL_non-gender_gender_fem_male_temp_1.csv
PP10,2.0,3.0,2.0,FINAL_non-gender_gender_fem_male_temp_1.csv
PP11,3.0,2.0,3.0,FINAL_non-gender_gender_fem_male_temp_1.csv
PP12,3.0,4.0,3.0,FINAL_non-gender_gender_fem_male_temp_1.csv
PP13,2.0,2.0,4.0,FINAL_non-gender_gender_fem_male_temp_1.csv
PP14,2.0,2.0,4.0,FINAL_non-gender_gender_fem_male_temp_1.csv
PP15,3.0,3.0,,FINAL_non-gender_gender_fem_male_temp_1.csv
PP16,3.0,3.0,3.0,FINAL_non-gender_gender_fem_male_temp_1.csv
PP17,3.0,3.0,3.0,FINAL_non-gender_gender_fem_male_temp_1.csv
PP20,2.0,2.0,2.0,FINAL_non-gender_gender_fem_male_temp_1.csv
PP21,2.0,2.0,2.0,FINAL_non-gender_gender_fem_male_temp_1.csv
PP22,4.0,3.0,4.0,FINAL_non-gender_gender_fem_male_temp_1.csv
PP24,3.0,3.0,3.0,FINAL_non-gender_gender_fem_male_temp_1.csv
PP25,2.0,3.0,2.0,FINAL_non-gender_gender_fem_male_temp_1.csv
PP27,2.0,2.0,2.0,FINAL_non-gender_gender_fem_male_temp_1.csv
PP29,3.0,3.0,3.0,FINAL_non-gender_gender_fem_male_temp_1.csv
PP3,2.0,3.0,,FINAL_non-gender_gender_fem_male_temp_1.csv
PP30,3.0,3.0,4.0,FINAL_non-gender_gender_fem_male_temp_1.csv
PP31,3.0,3.0,3.0,FINAL_non-gender_gender_fem_male_temp_1.csv
PP32,2.0,2.0,2.0,FINAL_non-gender_gender_fem_male_temp_1.csv
PP33,3.0,4.0,3.0,FINAL_non-gender_gender_fem_male_temp_1.csv
PP34,3.0,2.0,3.0,FINAL_non-gender_gender_fem_male_temp_1.csv
PP35,2.0,4.0,4.0,FINAL_non-gender_gender_fem_male_temp_1.csv
PP37,3.0,3.0,,FINAL_non-gender_gender_fem_male_temp_1.csv
PP4,2.0,2.0,3.0,FINAL_non-gender_gender_fem_male_temp_1.csv
PP42,3.0,2.0,2.0,FINAL_non-gender_gender_fem_male_temp_1.csv
PP43,2.0,2.0,3.0,FINAL_non-gender_gender_fem_male_temp_1.csv
PP44,3.0,3.0,,FINAL_non-gender_gender_fem_male_temp_1.csv
PP45,3.0,3.0,4.0,FINAL_non-gender_gender_fem_male_temp_1.csv
PP47,2.0,3.0,3.0,FINAL_non-gender_gender_fem_male_temp_1.csv
PP48,2.0,2.0,2.0,FINAL_non-gender_gender_fem_male_temp_1.csv
PP49,2.0,4.0,,FINAL_non-gender_gender_fem_male_temp_1.csv
PP5,3.0,3.0,,FINAL_non-gender_gender_fem_male_temp_1.csv
PP50,2.0,2.0,2.0,FINAL_non-gender_gender_fem_male_temp_1.csv
PP52,3.0,3.0,,FINAL_non-gender_gender_fem_male_temp_1.csv
PP53,2.0,3.0,2.0,FINAL_non-gender_gender_fem_male_temp_1.csv
PP55,3.0,2.0,3.0,FINAL_non-gender_gender_fem_male_temp_1.csv
PP56,2.0,2.0,2.0,FINAL_non-gender_gender_fem_male_temp_1.csv
PP57,4.0,5.0,,FINAL_non-gender_gender_fem_male_temp_1.csv
PP58,3.0,3.0,,FINAL_non-gender_gender_fem_male_temp_1.csv
PP59,2.0,3.0,,FINAL_non-gender_gender_fem_male_temp_1.csv
PP6,4.0,3.0,2.0,FINAL_non-gender_gender_fem_male_temp_1.csv
PP60,2.0,3.0,3.0,FINAL_non-gender_gender_fem_male_temp_1.csv
PP61,3.0,2.0,2.0,FINAL_non-gender_gender_fem_male_temp_1.csv
PP62,4.0,2.0,,FINAL_non-gender_gender_fem_male_temp_1.csv
PP63,3.0,3.0,,FINAL_non-gender_gender_fem_male_temp_1.csv
PP64,2.0,2.0,3.0,FINAL_non-gender_gender_fem_male_temp_1.csv
PP65,2.0,2.0,2.0,FINAL_non-gender_gender_fem_male_temp_1.csv
PP66,5.0,3.0,,FINAL_non-gender_gender_fem_male_temp_1.csv
PP67,4.0,3.0,3.0,FINAL_non-gender_gender_fem_male_temp_1.csv
PP69,2.0,2.0,2.0,FINAL_non-gender_gender_fem_male_temp_1.csv
PP7,3.0,3.0,3.0,FINAL_non-gender_gender_fem_male_temp_1.csv
PP70,2.0,3.0,2.0,FINAL_non-gender_gender_fem_male_temp_1.csv
PP71,3.0,3.0,,FINAL_non-gender_gender_fem_male_temp_1.csv
PP72,2.0,2.0,,FINAL_non-gender_gender_fem_male_temp_1.csv
PP73,4.0,3.0,,FINAL_non-gender_gender_fem_male_temp_1.csv
PP74,2.0,2.0,3.0,FINAL_non-gender_gender_fem_male_temp_1.csv
PP76,4.0,3.0,3.0,FINAL_non-gender_gender_fem_male_temp_1.csv
PP77,3.0,3.0,4.0,FINAL_non-gender_gender_fem_male_temp_1.csv
PP78,2.0,2.0,2.0,FINAL_non-gender_gender_fem_male_temp_1.csv
PP79,2.0,2.0,,FINAL_non-gender_gender_fem_male_temp_1.csv
PP8,3.0,3.0,3.0,FINAL_non-gender_gender_fem_male_temp_1.csv
PP80,3.0,3.0,,FINAL_non-gender_gender_fem_male_temp_1.csv
PP81,3.0,3.0,2.0,FINAL_non-gender_gender_fem_male_temp_1.csv
PP83,2.0,2.0,3.0,FINAL_non-gender_gender_fem_male_temp_1.csv
PP84,4.0,3.0,2.0,FINAL_non-gender_gender_fem_male_temp_1.csv
PP85,2.0,3.0,,FINAL_non-gender_gender_fem_male_temp_1.csv
PP86,3.0,2.0,,FINAL_non-gender_gender_fem_male_temp_1.csv
PP89,2.0,2.0,,FINAL_non-gender_gender_fem_male_temp_1.csv
P1,4.0,4.0,4.0,FINAL_non-gender_gender_fem_male_temp_1-v2.csv
P10,2.0,3.0,4.0,FINAL_non-gender_gender_fem_male_temp_1-v2.csv
P11,2.0,2.0,2.0,FINAL_non-gender_gender_fem_male_temp_1-v2.csv
P12,3.0,3.0,3.0,FINAL_non-gender_gender_fem_male_temp_1-v2.csv
P13,3.0,2.0,2.0,FINAL_non-gender_gender_fem_male_temp_1-v2.csv
P14,4.0,4.0,3.0,FINAL_non-gender_gender_fem_male_temp_1-v2.csv
P15,2.0,2.0,2.0,FINAL_non-gender_gender_fem_male_temp_1-v2.csv
P16,4.0,4.0,,FINAL_non-gender_gender_fem_male_temp_1-v2.csv
P17,1.0,2.0,2.0,FINAL_non-gender_gender_fem_male_temp_1-v2.csv
P20,4.0,3.0,2.0,FINAL_non-gender_gender_fem_male_temp_1-v2.csv
P21,2.0,2.0,,FINAL_non-gender_gender_fem_male_temp_1-v2.csv
P22,4.0,2.0,3.0,FINAL_non-gender_gender_fem_male_temp_1-v2.csv
P24,4.0,3.0,3.0,FINAL_non-gender_gender_fem_male_temp_1-v2.csv
P25,2.0,3.0,,FINAL_non-gender_gender_fem_male_temp_1-v2.csv
P27,4.0,4.0,3.0,FINAL_non-gender_gender_fem_male_temp_1-v2.csv
P29,2.0,2.0,4.0,FINAL_non-gender_gender_fem_male_temp_1-v2.csv
P3,3.0,3.0,3.0,FINAL_non-gender_gender_fem_male_temp_1-v2.csv
P30,3.0,2.0,2.0,FINAL_non-gender_gender_fem_male_temp_1-v2.csv
P31,3.0,2.0,,FINAL_non-gender_gender_fem_male_temp_1-v2.csv
P32,4.0,3.0,4.0,FINAL_non-gender_gender_fem_male_temp_1-v2.csv
P33,2.0,2.0,,FINAL_non-gender_gender_fem_male_temp_1-v2.csv
P34,5.0,4.0,,FINAL_non-gender_gender_fem_male_temp_1-v2.csv
P35,3.0,3.0,2.0,FINAL_non-gender_gender_fem_male_temp_1-v2.csv
P37,2.0,2.0,3.0,FINAL_non-gender_gender_fem_male_temp_1-v2.csv
P4,3.0,3.0,3.0,FINAL_non-gender_gender_fem_male_temp_1-v2.csv
P42,4.0,3.0,3.0,FINAL_non-gender_gender_fem_male_temp_1-v2.csv
P43,4.0,2.0,,FINAL_non-gender_gender_fem_male_temp_1-v2.csv
P44,3.0,3.0,3.0,FINAL_non-gender_gender_fem_male_temp_1-v2.csv
P45,3.0,1.0,,FINAL_non-gender_gender_fem_male_temp_1-v2.csv
P47,2.0,1.0,1.0,FINAL_non-gender_gender_fem_male_temp_1-v2.csv
P48,2.0,3.0,,FINAL_non-gender_gender_fem_male_temp_1-v2.csv
P49,4.0,3.0,4.0,FINAL_non-gender_gender_fem_male_temp_1-v2.csv
P5,4.0,4.0,3.0,FINAL_non-gender_gender_fem_male_temp_1-v2.csv
P50,2.0,3.0,,FINAL_non-gender_gender_fem_male_temp_1-v2.csv
P52,2.0,2.0,1.0,FINAL_non-gender_gender_fem_male_temp_1-v2.csv
P53,4.0,4.0,,FINAL_non-gender_gender_fem_male_temp_1-v2.csv
P55,3.0,3.0,2.0,FINAL_non-gender_gender_fem_male_temp_1-v2.csv
P56,2.0,2.0,,FINAL_non-gender_gender_fem_male_temp_1-v2.csv
P57,4.0,4.0,4.0,FINAL_non-gender_gender_fem_male_temp_1-v2.csv
P58,3.0,4.0,3.0,FINAL_non-gender_gender_fem_male_temp_1-v2.csv
P59,3.0,2.0,,FINAL_non-gender_gender_fem_male_temp_1-v2.csv
P6,3.0,2.0,2.0,FINAL_non-gender_gender_fem_male_temp_1-v2.csv
P60,2.0,4.0,,FINAL_non-gender_gender_fem_male_temp_1-v2.csv
P61,3.0,3.0,2.0,FINAL_non-gender_gender_fem_male_temp_1-v2.csv
P62,2.0,2.0,2.0,FINAL_non-gender_gender_fem_male_temp_1-v2.csv
P63,3.0,2.0,,FINAL_non-gender_gender_fem_male_temp_1-v2.csv
P64,3.0,2.0,,FINAL_non-gender_gender_fem_male_temp_1-v2.csv
P65,4.0,2.0,,FINAL_non-gender_gender_fem_male_temp_1-v2.csv
P66,3.0,2.0,,FINAL_non-gender_gender_fem_male_temp_1-v2.csv
P67,4.0,3.0,,FINAL_non-gender_gender_fem_male_temp_1-v2.csv
P69,2.0,3.0,3.0,FINAL_non-gender_gender_fem_male_temp_1-v2.csv
P7,4.0,4.0,4.0,FINAL_non-gender_gender_fem_male_temp_1-v2.csv
P70,2.0,2.0,2.0,FINAL_non-gender_gender_fem_male_temp_1-v2.csv
P71,2.0,2.0,,FINAL_non-gender_gender_fem_male_temp_1-v2.csv
P72,2.0,2.0,3.0,FINAL_non-gender_gender_fem_male_temp_1-v2.csv
P73,2.0,3.0,4.0,FINAL_non-gender_gender_fem_male_temp_1-v2.csv
P74,4.0,3.0,2.0,FINAL_non-gender_gender_fem_male_temp_1-v2.csv
P76,2.0,3.0,,FINAL_non-gender_gender_fem_male_temp_1-v2.csv
P77,3.0,3.0,,FINAL_non-gender_gender_fem_male_temp_1-v2.csv
P78,2.0,2.0,3.0,FINAL_non-gender_gender_fem_male_temp_1-v2.csv
P79,2.0,3.0,,FINAL_non-gender_gender_fem_male_temp_1-v2.csv
P8,3.0,3.0,2.0,FINAL_non-gender_gender_fem_male_temp_1-v2.csv
P80,2.0,2.0,4.0,FINAL_non-gender_gender_fem_male_temp_1-v2.csv
P81,3.0,2.0,,FINAL_non-gender_gender_fem_male_temp_1-v2.csv
P83,3.0,2.0,,FINAL_non-gender_gender_fem_male_temp_1-v2.csv
P84,4.0,4.0,,FINAL_non-gender_gender_fem_male_temp_1-v2.csv
P85,3.0,2.0,,FINAL_non-gender_gender_fem_male_temp_1-v2.csv
P86,3.0,3.0,,FINAL_non-gender_gender_fem_male_temp_1-v2.csv
P89,3.0,2.0,2.0,FINAL_non-gender_gender_fem_male_temp_1-v2.csv
PP1,2.0,3.0,,FINAL_non-gender_gender_fem_male_temp_1-v2.csv
PP10,3.0,2.0,2.0,FINAL_non-gender_gender_fem_male_temp_1-v2.csv
PP11,2.0,3.0,,FINAL_non-gender_gender_fem_male_temp_1-v2.csv
PP12,4.0,3.0,,FINAL_non-gender_gender_fem_male_temp_1-v2.csv
PP13,3.0,3.0,3.0,FINAL_non-gender_gender_fem_male_temp_1-v2.csv
PP14,3.0,2.0,3.0,FINAL_non-gender_gender_fem_male_temp_1-v2.csv
PP15,2.0,3.0,,FINAL_non-gender_gender_fem_male_temp_1-v2.csv
PP16,3.0,3.0,4.0,FINAL_non-gender_gender_fem_male_temp_1-v2.csv
PP17,2.0,3.0,2.0,FINAL_non-gender_gender_fem_male_temp_1-v2.csv
PP20,3.0,2.0,2.0,FINAL_non-gender_gender_fem_male_temp_1-v2.csv
PP21,2.0,2.0,3.0,FINAL_non-gender_gender_fem_male_temp_1-v2.csv
PP22,3.0,4.0,4.0,FINAL_non-gender_gender_fem_male_temp_1-v2.csv
PP24,2.0,3.0,3.0,FINAL_non-gender_gender_fem_male_temp_1-v2.csv
PP25,3.0,4.0,4.0,FINAL_non-gender_gender_fem_male_temp_1-v2.csv
PP27,3.0,1.0,3.0,FINAL_non-gender_gender_fem_male_temp_1-v2.csv
PP29,4.0,3.0,2.0,FINAL_non-gender_gender_fem_male_temp_1-v2.csv
PP3,2.0,2.0,,FINAL_non-gender_gender_fem_male_temp_1-v2.csv
PP30,3.0,4.0,5.0,FINAL_non-gender_gender_fem_male_temp_1-v2.csv
PP31,3.0,3.0,3.0,FINAL_non-gender_gender_fem_male_temp_1-v2.csv
PP32,2.0,2.0,,FINAL_non-gender_gender_fem_male_temp_1-v2.csv
PP33,5.0,4.0,,FINAL_non-gender_gender_fem_male_temp_1-v2.csv
PP34,3.0,4.0,,FINAL_non-gender_gender_fem_male_temp_1-v2.csv
PP35,3.0,3.0,4.0,FINAL_non-gender_gender_fem_male_temp_1-v2.csv
PP37,4.0,4.0,3.0,FINAL_non-gender_gender_fem_male_temp_1-v2.csv
PP4,4.0,2.0,2.0,FINAL_non-gender_gender_fem_male_temp_1-v2.csv
PP42,2.0,3.0,3.0,FINAL_non-gender_gender_fem_male_temp_1-v2.csv
PP43,2.0,3.0,2.0,FINAL_non-gender_gender_fem_male_temp_1-v2.csv
PP44,3.0,3.0,,FINAL_non-gender_gender_fem_male_temp_1-v2.csv
PP45,4.0,3.0,4.0,FINAL_non-gender_gender_fem_male_temp_1-v2.csv
PP47,2.0,2.0,,FINAL_non-gender_gender_fem_male_temp_1-v2.csv
PP48,2.0,2.0,,FINAL_non-gender_gender_fem_male_temp_1-v2.csv
PP49,4.0,4.0,4.0,FINAL_non-gender_gender_fem_male_temp_1-v2.csv
PP5,2.0,2.0,3.0,FINAL_non-gender_gender_fem_male_temp_1-v2.csv
PP50,2.0,2.0,,FINAL_non-gender_gender_fem_male_temp_1-v2.csv
PP52,2.0,3.0,3.0,FINAL_non-gender_gender_fem_male_temp_1-v2.csv
PP53,2.0,2.0,3.0,FINAL_non-gender_gender_fem_male_temp_1-v2.csv
PP55,3.0,3.0,,FINAL_non-gender_gender_fem_male_temp_1-v2.csv
PP56,2.0,3.0,,FINAL_non-gender_gender_fem_male_temp_1-v2.csv
PP57,4.0,4.0,5.0,FINAL_non-gender_gender_fem_male_temp_1-v2.csv
PP58,3.0,3.0,4.0,FINAL_non-gender_gender_fem_male_temp_1-v2.csv
PP59,3.0,2.0,,FINAL_non-gender_gender_fem_male_temp_1-v2.csv
PP6,2.0,2.0,2.0,FINAL_non-gender_gender_fem_male_temp_1-v2.csv
PP60,2.0,3.0,3.0,FINAL_non-gender_gender_fem_male_temp_1-v2.csv
PP61,3.0,2.0,,FINAL_non-gender_gender_fem_male_temp_1-v2.csv
PP62,4.0,4.0,,FINAL_non-gender_gender_fem_male_temp_1-v2.csv
PP63,3.0,2.0,,FINAL_non-gender_gender_fem_male_temp_1-v2.csv
PP64,2.0,2.0,2.0,FINAL_non-gender_gender_fem_male_temp_1-v2.csv
PP65,3.0,2.0,,FINAL_non-gender_gender_fem_male_temp_1-v2.csv
PP66,4.0,4.0,5.0,FINAL_non-gender_gender_fem_male_temp_1-v2.csv
PP67,4.0,3.0,,FINAL_non-gender_gender_fem_male_temp_1-v2.csv
PP69,3.0,2.0,,FINAL_non-gender_gender_fem_male_temp_1-v2.csv
PP7,3.0,3.0,,FINAL_non-gender_gender_fem_male_temp_1-v2.csv
PP70,2.0,2.0,2.0,FINAL_non-gender_gender_fem_male_temp_1-v2.csv
PP71,3.0,2.0,,FINAL_non-gender_gender_fem_male_temp_1-v2.csv
PP72,2.0,3.0,3.0,FINAL_non-gender_gender_fem_male_temp_1-v2.csv
PP73,3.0,4.0,4.0,FINAL_non-gender_gender_fem_male_temp_1-v2.csv
PP74,2.0,2.0,,FINAL_non-gender_gender_fem_male_temp_1-v2.csv
PP76,4.0,3.0,3.0,FINAL_non-gender_gender_fem_male_temp_1-v2.csv
PP77,3.0,3.0,,FINAL_non-gender_gender_fem_male_temp_1-v2.csv
PP78,2.0,3.0,,FINAL_non-gender_gender_fem_male_temp_1-v2.csv
PP79,2.0,3.0,3.0,FINAL_non-gender_gender_fem_male_temp_1-v2.csv
PP8,3.0,3.0,2.0,FINAL_non-gender_gender_fem_male_temp_1-v2.csv
PP80,3.0,3.0,4.0,FINAL_non-gender_gender_fem_male_temp_1-v2.csv
PP81,2.0,2.0,2.0,FINAL_non-gender_gender_fem_male_temp_1-v2.csv
PP83,2.0,2.0,,FINAL_non-gender_gender_fem_male_temp_1-v2.csv
PP84,3.0,3.0,3.0,FINAL_non-gender_gender_fem_male_temp_1-v2.csv
PP85,4.0,4.0,4.0,FINAL_non-gender_gender_fem_male_temp_1-v2.csv
PP86,2.0,2.0,2.0,FINAL_non-gender_gender_fem_male_temp_1-v2.csv
PP89,2.0,2.0,4.0,FINAL_non-gender_gender_fem_male_temp_1-v2.csv
P1,3.0,2.0,3.0,FINAL_non-gender_gender_fem_male_temp_0.7.csv
P10,3.0,3.0,2.0,FINAL_non-gender_gender_fem_male_temp_0.7.csv
P11,2.0,2.0,3.0,FINAL_non-gender_gender_fem_male_temp_0.7.csv
P12,2.0,2.0,,FINAL_non-gender_gender_fem_male_temp_0.7.csv
P13,3.0,3.0,,FINAL_non-gender_gender_fem_male_temp_0.7.csv
P14,3.0,4.0,4.0,FINAL_non-gender_gender_fem_male_temp_0.7.csv
P15,3.0,2.0,2.0,FINAL_non-gender_gender_fem_male_temp_0.7.csv
P16,3.0,2.0,3.0,FINAL_non-gender_gender_fem_male_temp_0.7.csv
P17,2.0,2.0,2.0,FINAL_non-gender_gender_fem_male_temp_0.7.csv
P20,3.0,2.0,,FINAL_non-gender_gender_fem_male_temp_0.7.csv
P21,2.0,2.0,2.0,FINAL_non-gender_gender_fem_male_temp_0.7.csv
P22,4.0,3.0,,FINAL_non-gender_gender_fem_male_temp_0.7.csv
P24,3.0,3.0,4.0,FINAL_non-gender_gender_fem_male_temp_0.7.csv
P25,2.0,2.0,,FINAL_non-gender_gender_fem_male_temp_0.7.csv
P27,4.0,2.0,3.0,FINAL_non-gender_gender_fem_male_temp_0.7.csv
P29,3.0,2.0,,FINAL_non-gender_gender_fem_male_temp_0.7.csv
P3,2.0,2.0,2.0,FINAL_non-gender_gender_fem_male_temp_0.7.csv
P30,2.0,2.0,2.0,FINAL_non-gender_gender_fem_male_temp_0.7.csv
P31,2.0,2.0,,FINAL_non-gender_gender_fem_male_temp_0.7.csv
P32,4.0,3.0,4.0,FINAL_non-gender_gender_fem_male_temp_0.7.csv
P33,2.0,2.0,,FINAL_non-gender_gender_fem_male_temp_0.7.csv
P34,4.0,4.0,4.0,FINAL_non-gender_gender_fem_male_temp_0.7.csv
P35,3.0,3.0,,FINAL_non-gender_gender_fem_male_temp_0.7.csv
P37,2.0,3.0,2.0,FINAL_non-gender_gender_fem_male_temp_0.7.csv
P4,3.0,3.0,3.0,FINAL_non-gender_gender_fem_male_temp_0.7.csv
P42,3.0,2.0,,FINAL_non-gender_gender_fem_male_temp_0.7.csv
P43,2.0,2.0,3.0,FINAL_non-gender_gender_fem_male_temp_0.7.csv
P44,3.0,3.0,,FINAL_non-gender_gender_fem_male_temp_0.7.csv
P45,3.0,2.0,2.0,FINAL_non-gender_gender_fem_male_temp_0.7.csv
P47,1.0,2.0,2.0,FINAL_non-gender_gender_fem_male_temp_0.7.csv
P48,3.0,3.0,,FINAL_non-gender_gender_fem_male_temp_0.7.csv
P49,4.0,4.0,,FINAL_non-gender_gender_fem_male_temp_0.7.csv
P5,3.0,4.0,4.0,FINAL_non-gender_gender_fem_male_temp_0.7.csv
P50,2.0,3.0,,FINAL_non-gender_gender_fem_male_temp_0.7.csv
P52,2.0,2.0,2.0,FINAL_non-gender_gender_fem_male_temp_0.7.csv
P53,4.0,3.0,,FINAL_non-gender_gender_fem_male_temp_0.7.csv
P55,2.0,2.0,,FINAL_non-gender_gender_fem_male_temp_0.7.csv
P56,4.0,2.0,,FINAL_non-gender_gender_fem_male_temp_0.7.csv
P57,4.0,4.0,,FINAL_non-gender_gender_fem_male_temp_0.7.csv
P58,4.0,4.0,,FINAL_non-gender_gender_fem_male_temp_0.7.csv
P59,2.0,3.0,3.0,FINAL_non-gender_gender_fem_male_temp_0.7.csv
P6,2.0,2.0,,FINAL_non-gender_gender_fem_male_temp_0.7.csv
P60,3.0,3.0,,FINAL_non-gender_gender_fem_male_temp_0.7.csv
P61,3.0,2.0,3.0,FINAL_non-gender_gender_fem_male_temp_0.7.csv
P62,2.0,2.0,2.0,FINAL_non-gender_gender_fem_male_temp_0.7.csv
P63,2.0,2.0,3.0,FINAL_non-gender_gender_fem_male_temp_0.7.csv
P64,2.0,2.0,,FINAL_non-gender_gender_fem_male_temp_0.7.csv
P65,3.0,2.0,3.0,FINAL_non-gender_gender_fem_male_temp_0.7.csv
P66,4.0,2.0,,FINAL_non-gender_gender_fem_male_temp_0.7.csv
P67,3.0,3.0,2.0,FINAL_non-gender_gender_fem_male_temp_0.7.csv
P69,2.0,3.0,3.0,FINAL_non-gender_gender_fem_male_temp_0.7.csv
P7,4.0,3.0,4.0,FINAL_non-gender_gender_fem_male_temp_0.7.csv
P70,2.0,2.0,,FINAL_non-gender_gender_fem_male_temp_0.7.csv
P71,3.0,2.0,3.0,FINAL_non-gender_gender_fem_male_temp_0.7.csv
P72,3.0,2.0,3.0,FINAL_non-gender_gender_fem_male_temp_0.7.csv
P73,4.0,2.0,3.0,FINAL_non-gender_gender_fem_male_temp_0.7.csv
P74,2.0,3.0,3.0,FINAL_non-gender_gender_fem_male_temp_0.7.csv
P76,3.0,2.0,2.0,FINAL_non-gender_gender_fem_male_temp_0.7.csv
P77,2.0,3.0,,FINAL_non-gender_gender_fem_male_temp_0.7.csv
P78,2.0,2.0,3.0,FINAL_non-gender_gender_fem_male_temp_0.7.csv
P79,3.0,4.0,,FINAL_non-gender_gender_fem_male_temp_0.7.csv
P8,2.0,2.0,2.0,FINAL_non-gender_gender_fem_male_temp_0.7.csv
P80,3.0,2.0,3.0,FINAL_non-gender_gender_fem_male_temp_0.7.csv
P81,2.0,2.0,3.0,FINAL_non-gender_gender_fem_male_temp_0.7.csv
P83,2.0,3.0,2.0,FINAL_non-gender_gender_fem_male_temp_0.7.csv
P84,3.0,2.0,,FINAL_non-gender_gender_fem_male_temp_0.7.csv
P85,4.0,4.0,,FINAL_non-gender_gender_fem_male_temp_0.7.csv
P86,2.0,2.0,4.0,FINAL_non-gender_gender_fem_male_temp_0.7.csv
P89,2.0,2.0,2.0,FINAL_non-gender_gender_fem_male_temp_0.7.csv
PP1,2.0,2.0,2.0,FINAL_non-gender_gender_fem_male_temp_0.7.csv
PP10,2.0,2.0,,FINAL_non-gender_gender_fem_male_temp_0.7.csv
PP11,3.0,2.0,,FINAL_non-gender_gender_fem_male_temp_0.7.csv
PP12,4.0,4.0,,FINAL_non-gender_gender_fem_male_temp_0.7.csv
PP13,3.0,3.0,3.0,FINAL_non-gender_gender_fem_male_temp_0.7.csv
PP14,2.0,3.0,3.0,FINAL_non-gender_gender_fem_male_temp_0.7.csv
PP15,3.0,2.0,,FINAL_non-gender_gender_fem_male_temp_0.7.csv
PP16,4.0,4.0,4.0,FINAL_non-gender_gender_fem_male_temp_0.7.csv
PP17,3.0,2.0,,FINAL_non-gender_gender_fem_male_temp_0.7.csv
PP20,3.0,3.0,2.0,FINAL_non-gender_gender_fem_male_temp_0.7.csv
PP21,2.0,2.0,3.0,FINAL_non-gender_gender_fem_male_temp_0.7.csv
PP22,4.0,4.0,4.0,FINAL_non-gender_gender_fem_male_temp_0.7.csv
PP24,3.0,3.0,4.0,FINAL_non-gender_gender_fem_male_temp_0.7.csv
PP25,3.0,3.0,,FINAL_non-gender_gender_fem_male_temp_0.7.csv
PP27,2.0,2.0,,FINAL_non-gender_gender_fem_male_temp_0.7.csv
PP29,3.0,3.0,3.0,FINAL_non-gender_gender_fem_male_temp_0.7.csv
PP3,2.0,2.0,,FINAL_non-gender_gender_fem_male_temp_0.7.csv
PP30,4.0,3.0,,FINAL_non-gender_gender_fem_male_temp_0.7.csv
PP31,3.0,3.0,4.0,FINAL_non-gender_gender_fem_male_temp_0.7.csv
PP32,2.0,2.0,,FINAL_non-gender_gender_fem_male_temp_0.7.csv
PP33,4.0,4.0,3.0,FINAL_non-gender_gender_fem_male_temp_0.7.csv
PP34,4.0,4.0,3.0,FINAL_non-gender_gender_fem_male_temp_0.7.csv
PP35,3.0,3.0,3.0,FINAL_non-gender_gender_fem_male_temp_0.7.csv
PP37,3.0,4.0,4.0,FINAL_non-gender_gender_fem_male_temp_0.7.csv
PP4,3.0,3.0,4.0,FINAL_non-gender_gender_fem_male_temp_0.7.csv
PP42,4.0,4.0,4.0,FINAL_non-gender_gender_fem_male_temp_0.7.csv
PP43,2.0,2.0,3.0,FINAL_non-gender_gender_fem_male_temp_0.7.csv
PP44,3.0,4.0,,FINAL_non-gender_gender_fem_male_temp_0.7.csv
PP45,3.0,4.0,,FINAL_non-gender_gender_fem_male_temp_0.7.csv
PP47,2.0,2.0,,FINAL_non-gender_gender_fem_male_temp_0.7.csv
PP48,2.0,2.0,3.0,FINAL_non-gender_gender_fem_male_temp_0.7.csv
PP49,4.0,4.0,,FINAL_non-gender_gender_fem_male_temp_0.7.csv
PP5,2.0,3.0,3.0,FINAL_non-gender_gender_fem_male_temp_0.7.csv
PP50,2.0,3.0,2.0,FINAL_non-gender_gender_fem_male_temp_0.7.csv
PP52,3.0,3.0,,FINAL_non-gender_gender_fem_male_temp_0.7.csv
PP53,2.0,3.0,,FINAL_non-gender_gender_fem_male_temp_0.7.csv
PP55,3.0,2.0,2.0,FINAL_non-gender_gender_fem_male_temp_0.7.csv
PP56,2.0,3.0,2.0,FINAL_non-gender_gender_fem_male_temp_0.7.csv
PP57,4.0,4.0,,FINAL_non-gender_gender_fem_male_temp_0.7.csv
PP58,3.0,4.0,4.0,FINAL_non-gender_gender_fem_male_temp_0.7.csv
PP59,4.0,2.0,,FINAL_non-gender_gender_fem_male_temp_0.7.csv
PP6,2.0,2.0,,FINAL_non-gender_gender_fem_male_temp_0.7.csv
PP60,4.0,3.0,3.0,FINAL_non-gender_gender_fem_male_temp_0.7.csv
PP61,2.0,2.0,2.0,FINAL_non-gender_gender_fem_male_temp_0.7.csv
PP62,4.0,4.0,4.0,FINAL_non-gender_gender_fem_male_temp_0.7.csv
PP63,2.0,3.0,,FINAL_non-gender_gender_fem_male_temp_0.7.csv
PP64,2.0,2.0,2.0,FINAL_non-gender_gender_fem_male_temp_0.7.csv
PP65,2.0,2.0,,FINAL_non-gender_gender_fem_male_temp_0.7.csv
PP66,4.0,4.0,,FINAL_non-gender_gender_fem_male_temp_0.7.csv
PP67,4.0,4.0,,FINAL_non-gender_gender_fem_male_temp_0.7.csv
PP69,3.0,2.0,,FINAL_non-gender_gender_fem_male_temp_0.7.csv
PP7,3.0,2.0,3.0,FINAL_non-gender_gender_fem_male_temp_0.7.csv
PP70,3.0,2.0,,FINAL_non-gender_gender_fem_male_temp_0.7.csv
PP71,3.0,2.0,3.0,FINAL_non-gender_gender_fem_male_temp_0.7.csv
PP72,2.0,3.0,4.0,FINAL_non-gender_gender_fem_male_temp_0.7.csv
PP73,4.0,4.0,4.0,FINAL_non-gender_gender_fem_male_temp_0.7.csv
PP74,3.0,2.0,2.0,FINAL_non-gender_gender_fem_male_temp_0.7.csv
PP76,4.0,3.0,,FINAL_non-gender_gender_fem_male_temp_0.7.csv
PP77,3.0,2.0,,FINAL_non-gender_gender_fem_male_temp_0.7.csv
PP78,2.0,2.0,2.0,FINAL_non-gender_gender_fem_male_temp_0.7.csv
PP79,2.0,2.0,,FINAL_non-gender_gender_fem_male_temp_0.7.csv
PP8,4.0,4.0,3.0,FINAL_non-gender_gender_fem_male_temp_0.7.csv
PP80,2.0,2.0,3.0,FINAL_non-gender_gender_fem_male_temp_0.7.csv
PP81,2.0,2.0,,FINAL_non-gender_gender_fem_male_temp_0.7.csv
PP83,3.0,2.0,2.0,FINAL_non-gender_gender_fem_male_temp_0.7.csv
PP84,3.0,2.0,3.0,FINAL_non-gender_gender_fem_male_temp_0.7.csv
PP85,4.0,4.0,4.0,FINAL_non-gender_gender_fem_male_temp_0.7.csv
PP86,2.0,2.0,,FINAL_non-gender_gender_fem_male_temp_0.7.csv
PP89,2.0,2.0,3.0,FINAL_non-gender_gender_fem_male_temp_0.7.csv
P1,2.0,3.0,,FINAL_non-gender_gender_fem_male_temp_0.7-v2.csv
P10,3.0,4.0,3.0,FINAL_non-gender_gender_fem_male_temp_0.7-v2.csv
P11,3.0,2.0,,FINAL_non-gender_gender_fem_male_temp_0.7-v2.csv
P12,3.0,2.0,2.0,FINAL_non-gender_gender_fem_male_temp_0.7-v2.csv
P13,2.0,2.0,3.0,FINAL_non-gender_gender_fem_male_temp_0.7-v2.csv
P14,4.0,3.0,4.0,FINAL_non-gender_gender_fem_male_temp_0.7-v2.csv
P15,2.0,2.0,2.0,FINAL_non-gender_gender_fem_male_temp_0.7-v2.csv
P16,4.0,2.0,,FINAL_non-gender_gender_fem_male_temp_0.7-v2.csv
P17,2.0,2.0,2.0,FINAL_non-gender_gender_fem_male_temp_0.7-v2.csv
P20,3.0,3.0,3.0,FINAL_non-gender_gender_fem_male_temp_0.7-v2.csv
P21,2.0,2.0,2.0,FINAL_non-gender_gender_fem_male_temp_0.7-v2.csv
P22,4.0,4.0,,FINAL_non-gender_gender_fem_male_temp_0.7-v2.csv
P24,3.0,3.0,3.0,FINAL_non-gender_gender_fem_male_temp_0.7-v2.csv
P25,2.0,2.0,,FINAL_non-gender_gender_fem_male_temp_0.7-v2.csv
P27,3.0,3.0,,FINAL_non-gender_gender_fem_male_temp_0.7-v2.csv
P29,3.0,3.0,,FINAL_non-gender_gender_fem_male_temp_0.7-v2.csv
P3,2.0,2.0,,FINAL_non-gender_gender_fem_male_temp_0.7-v2.csv
P30,2.0,2.0,3.0,FINAL_non-gender_gender_fem_male_temp_0.7-v2.csv
P31,3.0,3.0,,FINAL_non-gender_gender_fem_male_temp_0.7-v2.csv
P32,3.0,3.0,4.0,FINAL_non-gender_gender_fem_male_temp_0.7-v2.csv
P33,3.0,3.0,2.0,FINAL_non-gender_gender_fem_male_temp_0.7-v2.csv
P34,4.0,4.0,,FINAL_non-gender_gender_fem_male_temp_0.7-v2.csv
P35,3.0,2.0,4.0,FINAL_non-gender_gender_fem_male_temp_0.7-v2.csv
P37,2.0,2.0,,FINAL_non-gender_gender_fem_male_temp_0.7-v2.csv
P4,3.0,2.0,,FINAL_non-gender_gender_fem_male_temp_0.7-v2.csv
P42,2.0,2.0,3.0,FINAL_non-gender_gender_fem_male_temp_0.7-v2.csv
P43,3.0,2.0,3.0,FINAL_non-gender_gender_fem_male_temp_0.7-v2.csv
P44,2.0,3.0,4.0,FINAL_non-gender_gender_fem_male_temp_0.7-v2.csv
P45,3.0,2.0,,FINAL_non-gender_gender_fem_male_temp_0.7-v2.csv
P47,1.0,1.0,2.0,FINAL_non-gender_gender_fem_male_temp_0.7-v2.csv
P48,3.0,3.0,3.0,FINAL_non-gender_gender_fem_male_temp_0.7-v2.csv
P49,3.0,3.0,4.0,FINAL_non-gender_gender_fem_male_temp_0.7-v2.csv
P5,3.0,3.0,3.0,FINAL_non-gender_gender_fem_male_temp_0.7-v2.csv
P50,2.0,2.0,,FINAL_non-gender_gender_fem_male_temp_0.7-v2.csv
P52,2.0,2.0,2.0,FINAL_non-gender_gender_fem_male_temp_0.7-v2.csv
P53,3.0,3.0,,FINAL_non-gender_gender_fem_male_temp_0.7-v2.csv
P55,3.0,2.0,,FINAL_non-gender_gender_fem_male_temp_0.7-v2.csv
P56,2.0,2.0,4.0,FINAL_non-gender_gender_fem_male_temp_0.7-v2.csv
P57,4.0,4.0,,FINAL_non-gender_gender_fem_male_temp_0.7-v2.csv
P58,4.0,4.0,4.0,FINAL_non-gender_gender_fem_male_temp_0.7-v2.csv
P59,2.0,2.0,3.0,FINAL_non-gender_gender_fem_male_temp_0.7-v2.csv
P6,2.0,3.0,2.0,FINAL_non-gender_gender_fem_male_temp_0.7-v2.csv
P60,3.0,2.0,,FINAL_non-gender_gender_fem_male_temp_0.7-v2.csv
P61,3.0,3.0,2.0,FINAL_non-gender_gender_fem_male_temp_0.7-v2.csv
P62,2.0,2.0,2.0,FINAL_non-gender_gender_fem_male_temp_0.7-v2.csv
P63,3.0,2.0,3.0,FINAL_non-gender_gender_fem_male_temp_0.7-v2.csv
P64,2.0,2.0,,FINAL_non-gender_gender_fem_male_temp_0.7-v2.csv
P65,2.0,3.0,3.0,FINAL_non-gender_gender_fem_male_temp_0.7-v2.csv
P66,4.0,3.0,,FINAL_non-gender_gender_fem_male_temp_0.7-v2.csv
P67,3.0,2.0,,FINAL_non-gender_gender_fem_male_temp_0.7-v2.csv
P69,2.0,2.0,,FINAL_non-gender_gender_fem_male_temp_0.7-v2.csv
P7,4.0,4.0,4.0,FINAL_non-gender_gender_fem_male_temp_0.7-v2.csv
P70,2.0,2.0,2.0,FINAL_non-gender_gender_fem_male_temp_0.7-v2.csv
P71,3.0,2.0,3.0,FINAL_non-gender_gender_fem_male_temp_0.7-v2.csv
P72,2.0,2.0,,FINAL_non-gender_gender_fem_male_temp_0.7-v2.csv
P73,4.0,2.0,,FINAL_non-gender_gender_fem_male_temp_0.7-v2.csv
P74,2.0,3.0,3.0,FINAL_non-gender_gender_fem_male_temp_0.7-v2.csv
P76,2.0,3.0,,FINAL_non-gender_gender_fem_male_temp_0.7-v2.csv
P77,2.0,3.0,3.0,FINAL_non-gender_gender_fem_male_temp_0.7-v2.csv
P78,2.0,2.0,3.0,FINAL_non-gender_gender_fem_male_temp_0.7-v2.csv
P79,3.0,3.0,3.0,FINAL_non-gender_gender_fem_male_temp_0.7-v2.csv
P8,3.0,2.0,,FINAL_non-gender_gender_fem_male_temp_0.7-v2.csv
P80,2.0,2.0,,FINAL_non-gender_gender_fem_male_temp_0.7-v2.csv
P81,2.0,2.0,2.0,FINAL_non-gender_gender_fem_male_temp_0.7-v2.csv
P83,2.0,3.0,2.0,FINAL_non-gender_gender_fem_male_temp_0.7-v2.csv
P84,4.0,3.0,,FINAL_non-gender_gender_fem_male_temp_0.7-v2.csv
P85,4.0,3.0,,FINAL_non-gender_gender_fem_male_temp_0.7-v2.csv
P86,3.0,2.0,,FINAL_non-gender_gender_fem_male_temp_0.7-v2.csv
P89,2.0,2.0,2.0,FINAL_non-gender_gender_fem_male_temp_0.7-v2.csv
PP1,3.0,2.0,,FINAL_non-gender_gender_fem_male_temp_0.7-v2.csv
PP10,2.0,3.0,3.0,FINAL_non-gender_gender_fem_male_temp_0.7-v2.csv
PP11,2.0,2.0,,FINAL_non-gender_gender_fem_male_temp_0.7-v2.csv
PP12,3.0,4.0,3.0,FINAL_non-gender_gender_fem_male_temp_0.7-v2.csv
PP13,3.0,3.0,3.0,FINAL_non-gender_gender_fem_male_temp_0.7-v2.csv
PP14,3.0,2.0,,FINAL_non-gender_gender_fem_male_temp_0.7-v2.csv
PP15,3.0,3.0,3.0,FINAL_non-gender_gender_fem_male_temp_0.7-v2.csv
PP16,4.0,4.0,3.0,FINAL_non-gender_gender_fem_male_temp_0.7-v2.csv
PP17,3.0,2.0,,FINAL_non-gender_gender_fem_male_temp_0.7-v2.csv
PP20,2.0,2.0,,FINAL_non-gender_gender_fem_male_temp_0.7-v2.csv
PP21,2.0,2.0,2.0,FINAL_non-gender_gender_fem_male_temp_0.7-v2.csv
PP22,4.0,4.0,,FINAL_non-gender_gender_fem_male_temp_0.7-v2.csv
PP24,3.0,3.0,3.0,FINAL_non-gender_gender_fem_male_temp_0.7-v2.csv
PP25,3.0,2.0,,FINAL_non-gender_gender_fem_male_temp_0.7-v2.csv
PP27,2.0,2.0,,FINAL_non-gender_gender_fem_male_temp_0.7-v2.csv
PP29,3.0,2.0,,FINAL_non-gender_gender_fem_male_temp_0.7-v2.csv
PP3,2.0,3.0,2.0,FINAL_non-gender_gender_fem_male_temp_0.7-v2.csv
PP30,3.0,3.0,3.0,FINAL_non-gender_gender_fem_male_temp_0.7-v2.csv
PP31,4.0,3.0,4.0,FINAL_non-gender_gender_fem_male_temp_0.7-v2.csv
PP32,2.0,2.0,,FINAL_non-gender_gender_fem_male_temp_0.7-v2.csv
PP33,4.0,3.0,4.0,FINAL_non-gender_gender_fem_male_temp_0.7-v2.csv
PP34,3.0,3.0,,FINAL_non-gender_gender_fem_male_temp_0.7-v2.csv
PP35,4.0,3.0,,FINAL_non-gender_gender_fem_male_temp_0.7-v2.csv
PP37,4.0,4.0,3.0,FINAL_non-gender_gender_fem_male_temp_0.7-v2.csv
PP4,3.0,4.0,,FINAL_non-gender_gender_fem_male_temp_0.7-v2.csv
PP42,4.0,3.0,,FINAL_non-gender_gender_fem_male_temp_0.7-v2.csv
PP43,2.0,2.0,2.0,FINAL_non-gender_gender_fem_male_temp_0.7-v2.csv
PP44,3.0,3.0,,FINAL_non-gender_gender_fem_male_temp_0.7-v2.csv
PP45,3.0,3.0,,FINAL_non-gender_gender_fem_male_temp_0.7-v2.csv
PP47,2.0,2.0,2.0,FINAL_non-gender_gender_fem_male_temp_0.7-v2.csv
PP48,2.0,2.0,,FINAL_non-gender_gender_fem_male_temp_0.7-v2.csv
PP49,3.0,3.0,,FINAL_non-gender_gender_fem_male_temp_0.7-v2.csv
PP5,3.0,4.0,,FINAL_non-gender_gender_fem_male_temp_0.7-v2.csv
PP50,2.0,2.0,,FINAL_non-gender_gender_fem_male_temp_0.7-v2.csv
PP52,3.0,2.0,,FINAL_non-gender_gender_fem_male_temp_0.7-v2.csv
PP53,3.0,2.0,,FINAL_non-gender_gender_fem_male_temp_0.7-v2.csv
PP55,4.0,3.0,3.0,FINAL_non-gender_gender_fem_male_temp_0.7-v2.csv
PP56,3.0,3.0,2.0,FINAL_non-gender_gender_fem_male_temp_0.7-v2.csv
PP57,4.0,4.0,,FINAL_non-gender_gender_fem_male_temp_0.7-v2.csv
PP58,3.0,3.0,3.0,FINAL_non-gender_gender_fem_male_temp_0.7-v2.csv
PP59,3.0,3.0,,FINAL_non-gender_gender_fem_male_temp_0.7-v2.csv
PP6,2.0,4.0,,FINAL_non-gender_gender_fem_male_temp_0.7-v2.csv
PP60,3.0,4.0,,FINAL_non-gender_gender_fem_male_temp_0.7-v2.csv
PP61,2.0,2.0,3.0,FINAL_non-gender_gender_fem_male_temp_0.7-v2.csv
PP62,4.0,4.0,4.0,FINAL_non-gender_gender_fem_male_temp_0.7-v2.csv
PP63,2.0,2.0,,FINAL_non-gender_gender_fem_male_temp_0.7-v2.csv
PP64,2.0,2.0,,FINAL_non-gender_gender_fem_male_temp_0.7-v2.csv
PP65,2.0,2.0,2.0,FINAL_non-gender_gender_fem_male_temp_0.7-v2.csv
PP66,4.0,4.0,,FINAL_non-gender_gender_fem_male_temp_0.7-v2.csv
PP67,4.0,4.0,,FINAL_non-gender_gender_fem_male_temp_0.7-v2.csv
PP69,2.0,2.0,2.0,FINAL_non-gender_gender_fem_male_temp_0.7-v2.csv
PP7,3.0,3.0,,FINAL_non-gender_gender_fem_male_temp_0.7-v2.csv
PP70,3.0,3.0,2.0,FINAL_non-gender_gender_fem_male_temp_0.7-v2.csv
PP71,3.0,3.0,3.0,FINAL_non-gender_gender_fem_male_temp_0.7-v2.csv
PP72,2.0,2.0,2.0,FINAL_non-gender_gender_fem_male_temp_0.7-v2.csv
PP73,3.0,4.0,4.0,FINAL_non-gender_gender_fem_male_temp_0.7-v2.csv
PP74,2.0,3.0,2.0,FINAL_non-gender_gender_fem_male_temp_0.7-v2.csv
PP76,4.0,4.0,,FINAL_non-gender_gender_fem_male_temp_0.7-v2.csv
PP77,3.0,3.0,2.0,FINAL_non-gender_gender_fem_male_temp_0.7-v2.csv
PP78,2.0,2.0,2.0,FINAL_non-gender_gender_fem_male_temp_0.7-v2.csv
PP79,2.0,2.0,2.0,FINAL_non-gender_gender_fem_male_temp_0.7-v2.csv
PP8,3.0,4.0,4.0,FINAL_non-gender_gender_fem_male_temp_0.7-v2.csv
PP80,4.0,4.0,3.0,FINAL_non-gender_gender_fem_male_temp_0.7-v2.csv
PP81,3.0,3.0,,FINAL_non-gender_gender_fem_male_temp_0.7-v2.csv
PP83,3.0,2.0,,FINAL_non-gender_gender_fem_male_temp_0.7-v2.csv
PP84,2.0,2.0,,FINAL_non-gender_gender_fem_male_temp_0.7-v2.csv
PP85,4.0,4.0,,FINAL_non-gender_gender_fem_male_temp_0.7-v2.csv
PP86,3.0,2.0,3.0,FINAL_non-gender_gender_fem_male_temp_0.7-v2.csv
PP89,2.0,2.0,,FINAL_non-gender_gender_fem_male_temp_0.7-v2.csv
P1,3.0,2.0,,FINAL_non-gender_gender_fem_male_temp_0.5.csv
P10,2.0,3.0,3.0,FINAL_non-gender_gender_fem_male_temp_0.5.csv
P11,2.0,3.0,,FINAL_non-gender_gender_fem_male_temp_0.5.csv
P12,2.0,2.0,2.0,FINAL_non-gender_gender_fem_male_temp_0.5.csv
P13,2.0,3.0,,FINAL_non-gender_gender_fem_male_temp_0.5.csv
P14,4.0,4.0,,FINAL_non-gender_gender_fem_male_temp_0.5.csv
P15,2.0,2.0,3.0,FINAL_non-gender_gender_fem_male_temp_0.5.csv
P16,4.0,3.0,4.0,FINAL_non-gender_gender_fem_male_temp_0.5.csv
P17,2.0,2.0,,FINAL_non-gender_gender_fem_male_temp_0.5.csv
P20,3.0,2.0,,FINAL_non-gender_gender_fem_male_temp_0.5.csv
P21,2.0,2.0,2.0,FINAL_non-gender_gender_fem_male_temp_0.5.csv
P22,4.0,4.0,4.0,FINAL_non-gender_gender_fem_male_temp_0.5.csv
P24,4.0,3.0,,FINAL_non-gender_gender_fem_male_temp_0.5.csv
P25,2.0,2.0,,FINAL_non-gender_gender_fem_male_temp_0.5.csv
P27,4.0,3.0,4.0,FINAL_non-gender_gender_fem_male_temp_0.5.csv
P29,3.0,2.0,2.0,FINAL_non-gender_gender_fem_male_temp_0.5.csv
P3,2.0,2.0,2.0,FINAL_non-gender_gender_fem_male_temp_0.5.csv
P30,2.0,2.0,2.0,FINAL_non-gender_gender_fem_male_temp_0.5.csv
P31,2.0,3.0,2.0,FINAL_non-gender_gender_fem_male_temp_0.5.csv
P32,4.0,4.0,4.0,FINAL_non-gender_gender_fem_male_temp_0.5.csv
P33,2.0,2.0,,FINAL_non-gender_gender_fem_male_temp_0.5.csv
P34,4.0,4.0,,FINAL_non-gender_gender_fem_male_temp_0.5.csv
P35,3.0,3.0,3.0,FINAL_non-gender_gender_fem_male_temp_0.5.csv
P37,3.0,2.0,3.0,FINAL_non-gender_gender_fem_male_temp_0.5.csv
P4,2.0,3.0,,FINAL_non-gender_gender_fem_male_temp_0.5.csv
P42,2.0,2.0,,FINAL_non-gender_gender_fem_male_temp_0.5.csv
P43,2.0,2.0,,FINAL_non-gender_gender_fem_male_temp_0.5.csv
P44,2.0,3.0,4.0,FINAL_non-gender_gender_fem_male_temp_0.5.csv
P45,2.0,2.0,2.0,FINAL_non-gender_gender_fem_male_temp_0.5.csv
P47,1.0,2.0,2.0,FINAL_non-gender_gender_fem_male_temp_0.5.csv
P48,3.0,2.0,3.0,FINAL_non-gender_gender_fem_male_temp_0.5.csv
P49,4.0,4.0,,FINAL_non-gender_gender_fem_male_temp_0.5.csv
P5,3.0,3.0,3.0,FINAL_non-gender_gender_fem_male_temp_0.5.csv
P50,2.0,2.0,,FINAL_non-gender_gender_fem_male_temp_0.5.csv
P52,2.0,2.0,2.0,FINAL_non-gender_gender_fem_male_temp_0.5.csv
P53,3.0,2.0,,FINAL_non-gender_gender_fem_male_temp_0.5.csv
P55,3.0,2.0,2.0,FINAL_non-gender_gender_fem_male_temp_0.5.csv
P56,3.0,3.0,3.0,FINAL_non-gender_gender_fem_male_temp_0.5.csv
P57,4.0,4.0,4.0,FINAL_non-gender_gender_fem_male_temp_0.5.csv
P58,4.0,4.0,4.0,FINAL_non-gender_gender_fem_male_temp_0.5.csv
P59,3.0,2.0,,FINAL_non-gender_gender_fem_male_temp_0.5.csv
P6,2.0,2.0,,FINAL_non-gender_gender_fem_male_temp_0.5.csv
P60,4.0,3.0,,FINAL_non-gender_gender_fem_male_temp_0.5.csv
P61,3.0,3.0,3.0,FINAL_non-gender_gender_fem_male_temp_0.5.csv
P62,2.0,2.0,,FINAL_non-gender_gender_fem_male_temp_0.5.csv
P63,2.0,3.0,3.0,FINAL_non-gender_gender_fem_male_temp_0.5.csv
P64,2.0,2.0,,FINAL_non-gender_gender_fem_male_temp_0.5.csv
P65,2.0,3.0,3.0,FINAL_non-gender_gender_fem_male_temp_0.5.csv
P66,3.0,3.0,,FINAL_non-gender_gender_fem_male_temp_0.5.csv
P67,3.0,2.0,,FINAL_non-gender_gender_fem_male_temp_0.5.csv
P69,2.0,2.0,2.0,FINAL_non-gender_gender_fem_male_temp_0.5.csv
P7,4.0,4.0,4.0,FINAL_non-gender_gender_fem_male_temp_0.5.csv
P70,2.0,2.0,2.0,FINAL_non-gender_gender_fem_male_temp_0.5.csv
P71,3.0,2.0,2.0,FINAL_non-gender_gender_fem_male_temp_0.5.csv
P72,2.0,2.0,2.0,FINAL_non-gender_gender_fem_male_temp_0.5.csv
P73,3.0,2.0,3.0,FINAL_non-gender_gender_fem_male_temp_0.5.csv
P74,3.0,2.0,3.0,FINAL_non-gender_gender_fem_male_temp_0.5.csv
P76,3.0,2.0,3.0,FINAL_non-gender_gender_fem_male_temp_0.5.csv
P77,3.0,3.0,,FINAL_non-gender_gender_fem_male_temp_0.5.csv
P78,2.0,2.0,2.0,FINAL_non-gender_gender_fem_male_temp_0.5.csv
P79,3.0,3.0,,FINAL_non-gender_gender_fem_male_temp_0.5.csv
P8,2.0,3.0,,FINAL_non-gender_gender_fem_male_temp_0.5.csv
P80,3.0,2.0,2.0,FINAL_non-gender_gender_fem_male_temp_0.5.csv
P81,3.0,2.0,2.0,FINAL_non-gender_gender_fem_male_temp_0.5.csv
P83,2.0,2.0,2.0,FINAL_non-gender_gender_fem_male_temp_0.5.csv
P84,3.0,4.0,3.0,FINAL_non-gender_gender_fem_male_temp_0.5.csv
P85,4.0,3.0,,FINAL_non-gender_gender_fem_male_temp_0.5.csv
P86,2.0,2.0,2.0,FINAL_non-gender_gender_fem_male_temp_0.5.csv
P89,2.0,2.0,,FINAL_non-gender_gender_fem_male_temp_0.5.csv
PP1,2.0,2.0,,FINAL_non-gender_gender_fem_male_temp_0.5.csv
PP10,2.0,2.0,2.0,FINAL_non-gender_gender_fem_male_temp_0.5.csv
PP11,3.0,2.0,3.0,FINAL_non-gender_gender_fem_male_temp_0.5.csv
PP12,4.0,3.0,4.0,FINAL_non-gender_gender_fem_male_temp_0.5.csv
PP13,3.0,3.0,,FINAL_non-gender_gender_fem_male_temp_0.5.csv
PP14,3.0,2.0,3.0,FINAL_non-gender_gender_fem_male_temp_0.5.csv
PP15,3.0,3.0,,FINAL_non-gender_gender_fem_male_temp_0.5.csv
PP16,4.0,4.0,4.0,FINAL_non-gender_gender_fem_male_temp_0.5.csv
PP17,2.0,2.0,2.0,FINAL_non-gender_gender_fem_male_temp_0.5.csv
PP20,3.0,2.0,3.0,FINAL_non-gender_gender_fem_male_temp_0.5.csv
PP21,2.0,2.0,2.0,FINAL_non-gender_gender_fem_male_temp_0.5.csv
PP22,4.0,4.0,4.0,FINAL_non-gender_gender_fem_male_temp_0.5.csv
PP24,4.0,3.0,,FINAL_non-gender_gender_fem_male_temp_0.5.csv
PP25,3.0,2.0,3.0,FINAL_non-gender_gender_fem_male_temp_0.5.csv
PP27,2.0,2.0,2.0,FINAL_non-gender_gender_fem_male_temp_0.5.csv
PP29,3.0,2.0,3.0,FINAL_non-gender_gender_fem_male_temp_0.5.csv
PP3,2.0,2.0,2.0,FINAL_non-gender_gender_fem_male_temp_0.5.csv
PP30,4.0,2.0,3.0,FINAL_non-gender_gender_fem_male_temp_0.5.csv
PP31,3.0,4.0,4.0,FINAL_non-gender_gender_fem_male_temp_0.5.csv
PP32,2.0,2.0,2.0,FINAL_non-gender_gender_fem_male_temp_0.5.csv
PP33,4.0,4.0,4.0,FINAL_non-gender_gender_fem_male_temp_0.5.csv
PP34,3.0,3.0,3.0,FINAL_non-gender_gender_fem_male_temp_0.5.csv
PP35,3.0,2.0,,FINAL_non-gender_gender_fem_male_temp_0.5.csv
PP37,4.0,3.0,4.0,FINAL_non-gender_gender_fem_male_temp_0.5.csv
PP4,3.0,4.0,3.0,FINAL_non-gender_gender_fem_male_temp_0.5.csv
PP42,2.0,3.0,3.0,FINAL_non-gender_gender_fem_male_temp_0.5.csv
PP43,3.0,2.0,2.0,FINAL_non-gender_gender_fem_male_temp_0.5.csv
PP44,3.0,3.0,,FINAL_non-gender_gender_fem_male_temp_0.5.csv
PP45,2.0,3.0,3.0,FINAL_non-gender_gender_fem_male_temp_0.5.csv
PP47,2.0,2.0,3.0,FINAL_non-gender_gender_fem_male_temp_0.5.csv
PP48,2.0,2.0,,FINAL_non-gender_gender_fem_male_temp_0.5.csv
PP49,4.0,3.0,,FINAL_non-gender_gender_fem_male_temp_0.5.csv
PP5,2.0,2.0,3.0,FINAL_non-gender_gender_fem_male_temp_0.5.csv
PP50,2.0,2.0,2.0,FINAL_non-gender_gender_fem_male_temp_0.5.csv
PP52,3.0,2.0,3.0,FINAL_non-gender_gender_fem_male_temp_0.5.csv
PP53,2.0,2.0,,FINAL_non-gender_gender_fem_male_temp_0.5.csv
PP55,4.0,3.0,3.0,FINAL_non-gender_gender_fem_male_temp_0.5.csv
PP56,3.0,3.0,,FINAL_non-gender_gender_fem_male_temp_0.5.csv
PP57,4.0,4.0,,FINAL_non-gender_gender_fem_male_temp_0.5.csv
PP58,4.0,3.0,4.0,FINAL_non-gender_gender_fem_male_temp_0.5.csv
PP59,3.0,2.0,3.0,FINAL_non-gender_gender_fem_male_temp_0.5.csv
PP6,2.0,3.0,,FINAL_non-gender_gender_fem_male_temp_0.5.csv
PP60,3.0,4.0,,FINAL_non-gender_gender_fem_male_temp_0.5.csv
PP61,2.0,2.0,2.0,FINAL_non-gender_gender_fem_male_temp_0.5.csv
PP62,4.0,4.0,,FINAL_non-gender_gender_fem_male_temp_0.5.csv
PP63,2.0,2.0,2.0,FINAL_non-gender_gender_fem_male_temp_0.5.csv
PP64,2.0,2.0,3.0,FINAL_non-gender_gender_fem_male_temp_0.5.csv
PP65,2.0,2.0,3.0,FINAL_non-gender_gender_fem_male_temp_0.5.csv
PP66,4.0,4.0,,FINAL_non-gender_gender_fem_male_temp_0.5.csv
PP67,4.0,4.0,,FINAL_non-gender_gender_fem_male_temp_0.5.csv
PP69,3.0,2.0,3.0,FINAL_non-gender_gender_fem_male_temp_0.5.csv
PP7,4.0,3.0,,FINAL_non-gender_gender_fem_male_temp_0.5.csv
PP70,2.0,2.0,2.0,FINAL_non-gender_gender_fem_male_temp_0.5.csv
PP71,3.0,3.0,3.0,FINAL_non-gender_gender_fem_male_temp_0.5.csv
PP72,2.0,2.0,2.0,FINAL_non-gender_gender_fem_male_temp_0.5.csv
PP73,4.0,4.0,,FINAL_non-gender_gender_fem_male_temp_0.5.csv
PP74,2.0,3.0,2.0,FINAL_non-gender_gender_fem_male_temp_0.5.csv
PP76,4.0,3.0,,FINAL_non-gender_gender_fem_male_temp_0.5.csv
PP77,3.0,3.0,,FINAL_non-gender_gender_fem_male_temp_0.5.csv
PP78,2.0,2.0,2.0,FINAL_non-gender_gender_fem_male_temp_0.5.csv
PP79,2.0,2.0,3.0,FINAL_non-gender_gender_fem_male_temp_0.5.csv
PP8,3.0,3.0,3.0,FINAL_non-gender_gender_fem_male_temp_0.5.csv
PP80,4.0,2.0,,FINAL_non-gender_gender_fem_male_temp_0.5.csv
PP81,3.0,2.0,3.0,FINAL_non-gender_gender_fem_male_temp_0.5.csv
PP83,2.0,3.0,3.0,FINAL_non-gender_gender_fem_male_temp_0.5.csv
PP84,3.0,3.0,3.0,FINAL_non-gender_gender_fem_male_temp_0.5.csv
PP85,3.0,3.0,,FINAL_non-gender_gender_fem_male_temp_0.5.csv
PP86,2.0,2.0,2.0,FINAL_non-gender_gender_fem_male_temp_0.5.csv
PP89,3.0,2.0,2.0,FINAL_non-gender_gender_fem_male_temp_0.5.csv
P1,2.0,3.0,,FINAL_non-gender_gender_temp_1.csv
P10,2.0,2.0,1.0,FINAL_non-gender_gender_temp_1.csv
P11,2.0,2.0,,FINAL_non-gender_gender_temp_1.csv
P12,2.0,3.0,3.0,FINAL_non-gender_gender_temp_1.csv
P13,2.0,2.0,3.0,FINAL_non-gender_gender_temp_1.csv
P14,3.0,4.0,4.0,FINAL_non-gender_gender_temp_1.csv
P15,2.0,2.0,,FINAL_non-gender_gender_temp_1.csv
P16,4.0,4.0,,FINAL_non-gender_gender_temp_1.csv
P17,2.0,2.0,2.0,FINAL_non-gender_gender_temp_1.csv
P20,4.0,3.0,,FINAL_non-gender_gender_temp_1.csv
P21,2.0,1.0,,FINAL_non-gender_gender_temp_1.csv
P22,4.0,4.0,,FINAL_non-gender_gender_temp_1.csv
P24,4.0,3.0,,FINAL_non-gender_gender_temp_1.csv
P25,2.0,3.0,4.0,FINAL_non-gender_gender_temp_1.csv
P27,3.0,4.0,,FINAL_non-gender_gender_temp_1.csv
P29,3.0,3.0,3.0,FINAL_non-gender_gender_temp_1.csv
P3,3.0,3.0,3.0,FINAL_non-gender_gender_temp_1.csv
P30,3.0,3.0,,FINAL_non-gender_gender_temp_1.csv
P31,2.0,2.0,2.0,FINAL_non-gender_gender_temp_1.csv
P32,4.0,3.0,4.0,FINAL_non-gender_gender_temp_1.csv
P33,2.0,2.0,3.0,FINAL_non-gender_gender_temp_1.csv
P34,4.0,3.0,,FINAL_non-gender_gender_temp_1.csv
P35,3.0,4.0,,FINAL_non-gender_gender_temp_1.csv
P37,2.0,3.0,3.0,FINAL_non-gender_gender_temp_1.csv
P4,3.0,3.0,4.0,FINAL_non-gender_gender_temp_1.csv
P42,3.0,2.0,4.0,FINAL_non-gender_gender_temp_1.csv
P43,3.0,2.0,,FINAL_non-gender_gender_temp_1.csv
P44,3.0,3.0,4.0,FINAL_non-gender_gender_temp_1.csv
P45,4.0,2.0,3.0,FINAL_non-gender_gender_temp_1.csv
P47,1.0,1.0,2.0,FINAL_non-gender_gender_temp_1.csv
P48,2.0,3.0,,FINAL_non-gender_gender_temp_1.csv
P49,3.0,3.0,,FINAL_non-gender_gender_temp_1.csv
P5,3.0,4.0,,FINAL_non-gender_gender_temp_1.csv
P50,2.0,2.0,,FINAL_non-gender_gender_temp_1.csv
P52,2.0,2.0,2.0,FINAL_non-gender_gender_temp_1.csv
P53,2.0,3.0,2.0,FINAL_non-gender_gender_temp_1.csv
P55,3.0,3.0,2.0,FINAL_non-gender_gender_temp_1.csv
P56,2.0,3.0,3.0,FINAL_non-gender_gender_temp_1.csv
P57,3.0,4.0,,FINAL_non-gender_gender_temp_1.csv
P58,4.0,4.0,3.0,FINAL_non-gender_gender_temp_1.csv
P59,2.0,3.0,2.0,FINAL_non-gender_gender_temp_1.csv
P6,1.0,3.0,,FINAL_non-gender_gender_temp_1.csv
P60,3.0,3.0,4.0,FINAL_non-gender_gender_temp_1.csv
P61,3.0,3.0,3.0,FINAL_non-gender_gender_temp_1.csv
P62,2.0,2.0,3.0,FINAL_non-gender_gender_temp_1.csv
P63,2.0,2.0,2.0,FINAL_non-gender_gender_temp_1.csv
P64,2.0,2.0,,FINAL_non-gender_gender_temp_1.csv
P65,4.0,3.0,4.0,FINAL_non-gender_gender_temp_1.csv
P66,3.0,4.0,4.0,FINAL_non-gender_gender_temp_1.csv
P67,4.0,3.0,4.0,FINAL_non-gender_gender_temp_1.csv
P69,2.0,2.0,,FINAL_non-gender_gender_temp_1.csv
P7,4.0,4.0,,FINAL_non-gender_gender_temp_1.csv
P70,3.0,2.0,2.0,FINAL_non-gender_gender_temp_1.csv
P71,2.0,2.0,2.0,FINAL_non-gender_gender_temp_1.csv
P72,2.0,3.0,2.0,FINAL_non-gender_gender_temp_1.csv
P73,3.0,2.0,2.0,FINAL_non-gender_gender_temp_1.csv
P74,2.0,3.0,2.0,FINAL_non-gender_gender_temp_1.csv
P76,2.0,3.0,3.0,FINAL_non-gender_gender_temp_1.csv
P77,3.0,3.0,,FINAL_non-gender_gender_temp_1.csv
P78,3.0,3.0,2.0,FINAL_non-gender_gender_temp_1.csv
P79,4.0,2.0,,FINAL_non-gender_gender_temp_1.csv
P8,2.0,3.0,2.0,FINAL_non-gender_gender_temp_1.csv
P80,3.0,2.0,3.0,FINAL_non-gender_gender_temp_1.csv
P81,3.0,2.0,2.0,FINAL_non-gender_gender_temp_1.csv
P83,2.0,2.0,2.0,FINAL_non-gender_gender_temp_1.csv
P84,3.0,3.0,,FINAL_non-gender_gender_temp_1.csv
P85,3.0,2.0,4.0,FINAL_non-gender_gender_temp_1.csv
P86,3.0,2.0,2.0,FINAL_non-gender_gender_temp_1.csv
P89,2.0,2.0,,FINAL_non-gender_gender_temp_1.csv
PP1,3.0,2.0,2.0,FINAL_non-gender_gender_temp_1.csv
PP10,3.0,2.0,2.0,FINAL_non-gender_gender_temp_1.csv
PP11,2.0,3.0,,FINAL_non-gender_gender_temp_1.csv
PP12,4.0,2.0,,FINAL_non-gender_gender_temp_1.csv
PP13,3.0,2.0,,FINAL_non-gender_gender_temp_1.csv
PP14,2.0,3.0,,FINAL_non-gender_gender_temp_1.csv
PP15,3.0,4.0,,FINAL_non-gender_gender_temp_1.csv
PP16,3.0,4.0,2.0,FINAL_non-gender_gender_temp_1.csv
PP17,2.0,2.0,,FINAL_non-gender_gender_temp_1.csv
PP20,2.0,3.0,,FINAL_non-gender_gender_temp_1.csv
PP21,3.0,2.0,,FINAL_non-gender_gender_temp_1.csv
PP22,4.0,4.0,,FINAL_non-gender_gender_temp_1.csv
PP24,4.0,3.0,4.0,FINAL_non-gender_gender_temp_1.csv
PP25,4.0,2.0,4.0,FINAL_non-gender_gender_temp_1.csv
PP27,2.0,2.0,,FINAL_non-gender_gender_temp_1.csv
PP29,2.0,3.0,,FINAL_non-gender_gender_temp_1.csv
PP3,2.0,2.0,2.0,FINAL_non-gender_gender_temp_1.csv
PP30,3.0,2.0,4.0,FINAL_non-gender_gender_temp_1.csv
PP31,4.0,3.0,,FINAL_non-gender_gender_temp_1.csv
PP32,3.0,2.0,2.0,FINAL_non-gender_gender_temp_1.csv
PP33,4.0,3.0,4.0,FINAL_non-gender_gender_temp_1.csv
PP34,4.0,2.0,3.0,FINAL_non-gender_gender_temp_1.csv
PP35,3.0,2.0,3.0,FINAL_non-gender_gender_temp_1.csv
PP37,4.0,3.0,3.0,FINAL_non-gender_gender_temp_1.csv
PP4,3.0,4.0,,FINAL_non-gender_gender_temp_1.csv
PP42,4.0,4.0,2.0,FINAL_non-gender_gender_temp_1.csv
PP43,2.0,3.0,3.0,FINAL_non-gender_gender_temp_1.csv
PP44,4.0,3.0,3.0,FINAL_non-gender_gender_temp_1.csv
PP45,4.0,3.0,2.0,FINAL_non-gender_gender_temp_1.csv
PP47,3.0,3.0,,FINAL_non-gender_gender_temp_1.csv
PP48,2.0,2.0,3.0,FINAL_non-gender_gender_temp_1.csv
PP49,3.0,4.0,4.0,FINAL_non-gender_gender_temp_1.csv
PP5,3.0,3.0,4.0,FINAL_non-gender_gender_temp_1.csv
PP50,2.0,2.0,2.0,FINAL_non-gender_gender_temp_1.csv
PP52,2.0,3.0,3.0,FINAL_non-gender_gender_temp_1.csv
PP53,3.0,2.0,2.0,FINAL_non-gender_gender_temp_1.csv
PP55,3.0,3.0,,FINAL_non-gender_gender_temp_1.csv
PP56,2.0,3.0,3.0,FINAL_non-gender_gender_temp_1.csv
PP57,4.0,4.0,,FINAL_non-gender_gender_temp_1.csv
PP58,3.0,3.0,,FINAL_non-gender_gender_temp_1.csv
PP59,2.0,3.0,2.0,FINAL_non-gender_gender_temp_1.csv
PP6,3.0,3.0,3.0,FINAL_non-gender_gender_temp_1.csv
PP60,4.0,3.0,,FINAL_non-gender_gender_temp_1.csv
PP61,2.0,2.0,2.0,FINAL_non-gender_gender_temp_1.csv
PP62,4.0,3.0,,FINAL_non-gender_gender_temp_1.csv
PP63,2.0,2.0,3.0,FINAL_non-gender_gender_temp_1.csv
PP64,2.0,3.0,3.0,FINAL_non-gender_gender_temp_1.csv
PP65,4.0,2.0,2.0,FINAL_non-gender_gender_temp_1.csv
PP66,4.0,3.0,,FINAL_non-gender_gender_temp_1.csv
PP67,5.0,4.0,5.0,FINAL_non-gender_gender_temp_1.csv
PP69,2.0,3.0,2.0,FINAL_non-gender_gender_temp_1.csv
PP7,3.0,3.0,2.0,FINAL_non-gender_gender_temp_1.csv
PP70,2.0,2.0,2.0,FINAL_non-gender_gender_temp_1.csv
PP71,4.0,3.0,2.0,FINAL_non-gender_gender_temp_1.csv
PP72,3.0,2.0,2.0,FINAL_non-gender_gender_temp_1.csv
PP73,3.0,3.0,3.0,FINAL_non-gender_gender_temp_1.csv
PP74,3.0,2.0,2.0,FINAL_non-gender_gender_temp_1.csv
PP76,4.0,4.0,4.0,FINAL_non-gender_gender_temp_1.csv
PP77,4.0,4.0,,FINAL_non-gender_gender_temp_1.csv
PP78,2.0,2.0,3.0,FINAL_non-gender_gender_temp_1.csv
PP79,2.0,2.0,,FINAL_non-gender_gender_temp_1.csv
PP8,3.0,2.0,,FINAL_non-gender_gender_temp_1.csv
PP80,2.0,2.0,4.0,FINAL_non-gender_gender_temp_1.csv
PP81,2.0,2.0,2.0,FINAL_non-gender_gender_temp_1.csv
PP83,2.0,3.0,2.0,FINAL_non-gender_gender_temp_1.csv
PP84,3.0,3.0,3.0,FINAL_non-gender_gender_temp_1.csv
PP85,3.0,4.0,,FINAL_non-gender_gender_temp_1.csv
PP86,2.0,2.0,,FINAL_non-gender_gender_temp_1.csv
PP89,3.0,3.0,3.0,FINAL_non-gender_gender_temp_1.csv
P1,2.0,3.0,4.0,FINAL_gender_non-gender_fem_male_temp_0.7.csv
P10,2.0,3.0,4.0,FINAL_gender_non-gender_fem_male_temp_0.7.csv
P11,3.0,2.0,,FINAL_gender_non-gender_fem_male_temp_0.7.csv
P12,2.0,3.0,,FINAL_gender_non-gender_fem_male_temp_0.7.csv
P13,3.0,2.0,,FINAL_gender_non-gender_fem_male_temp_0.7.csv
P14,4.0,3.0,,FINAL_gender_non-gender_fem_male_temp_0.7.csv
P15,3.0,2.0,,FINAL_gender_non-gender_fem_male_temp_0.7.csv
P16,4.0,4.0,,FINAL_gender_non-gender_fem_male_temp_0.7.csv
P17,2.0,2.0,2.0,FINAL_gender_non-gender_fem_male_temp_0.7.csv
P20,3.0,3.0,2.0,FINAL_gender_non-gender_fem_male_temp_0.7.csv
P21,2.0,2.0,,FINAL_gender_non-gender_fem_male_temp_0.7.csv
P22,4.0,3.0,,FINAL_gender_non-gender_fem_male_temp_0.7.csv
P24,4.0,3.0,,FINAL_gender_non-gender_fem_male_temp_0.7.csv
P25,2.0,2.0,2.0,FINAL_gender_non-gender_fem_male_temp_0.7.csv
P27,4.0,3.0,3.0,FINAL_gender_non-gender_fem_male_temp_0.7.csv
P29,2.0,3.0,,FINAL_gender_non-gender_fem_male_temp_0.7.csv
P3,2.0,2.0,2.0,FINAL_gender_non-gender_fem_male_temp_0.7.csv
P30,2.0,2.0,,FINAL_gender_non-gender_fem_male_temp_0.7.csv
P31,3.0,2.0,,FINAL_gender_non-gender_fem_male_temp_0.7.csv
P32,4.0,4.0,,FINAL_gender_non-gender_fem_male_temp_0.7.csv
P33,2.0,2.0,,FINAL_gender_non-gender_fem_male_temp_0.7.csv
P34,4.0,3.0,,FINAL_gender_non-gender_fem_male_temp_0.7.csv
P35,3.0,3.0,,FINAL_gender_non-gender_fem_male_temp_0.7.csv
P37,2.0,2.0,3.0,FINAL_gender_non-gender_fem_male_temp_0.7.csv
P4,3.0,2.0,2.0,FINAL_gender_non-gender_fem_male_temp_0.7.csv
P42,3.0,3.0,,FINAL_gender_non-gender_fem_male_temp_0.7.csv
P43,3.0,3.0,3.0,FINAL_gender_non-gender_fem_male_temp_0.7.csv
P44,3.0,3.0,2.0,FINAL_gender_non-gender_fem_male_temp_0.7.csv
P45,2.0,2.0,2.0,FINAL_gender_non-gender_fem_male_temp_0.7.csv
P47,2.0,2.0,2.0,FINAL_gender_non-gender_fem_male_temp_0.7.csv
P48,4.0,3.0,,FINAL_gender_non-gender_fem_male_temp_0.7.csv
P49,4.0,3.0,,FINAL_gender_non-gender_fem_male_temp_0.7.csv
P5,4.0,3.0,4.0,FINAL_gender_non-gender_fem_male_temp_0.7.csv
P50,3.0,2.0,2.0,FINAL_gender_non-gender_fem_male_temp_0.7.csv
P52,2.0,2.0,,FINAL_gender_non-gender_fem_male_temp_0.7.csv
P53,2.0,2.0,,FINAL_gender_non-gender_fem_male_temp_0.7.csv
P55,3.0,2.0,2.0,FINAL_gender_non-gender_fem_male_temp_0.7.csv
P56,3.0,2.0,3.0,FINAL_gender_non-gender_fem_male_temp_0.7.csv
P57,4.0,4.0,,FINAL_gender_non-gender_fem_male_temp_0.7.csv
P58,4.0,4.0,,FINAL_gender_non-gender_fem_male_temp_0.7.csv
P59,2.0,2.0,3.0,FINAL_gender_non-gender_fem_male_temp_0.7.csv
P6,3.0,2.0,2.0,FINAL_gender_non-gender_fem_male_temp_0.7.csv
P60,3.0,3.0,3.0,FINAL_gender_non-gender_fem_male_temp_0.7.csv
P61,2.0,3.0,4.0,FINAL_gender_non-gender_fem_male_temp_0.7.csv
P62,2.0,2.0,2.0,FINAL_gender_non-gender_fem_male_temp_0.7.csv
P63,3.0,3.0,3.0,FINAL_gender_non-gender_fem_male_temp_0.7.csv
P64,2.0,2.0,,FINAL_gender_non-gender_fem_male_temp_0.7.csv
P65,3.0,2.0,3.0,FINAL_gender_non-gender_fem_male_temp_0.7.csv
P66,4.0,4.0,3.0,FINAL_gender_non-gender_fem_male_temp_0.7.csv
P67,3.0,3.0,3.0,FINAL_gender_non-gender_fem_male_temp_0.7.csv
P69,2.0,2.0,,FINAL_gender_non-gender_fem_male_temp_0.7.csv
P7,4.0,4.0,,FINAL_gender_non-gender_fem_male_temp_0.7.csv
P70,2.0,2.0,2.0,FINAL_gender_non-gender_fem_male_temp_0.7.csv
P71,2.0,3.0,4.0,FINAL_gender_non-gender_fem_male_temp_0.7.csv
P72,3.0,2.0,3.0,FINAL_gender_non-gender_fem_male_temp_0.7.csv
P73,2.0,2.0,4.0,FINAL_gender_non-gender_fem_male_temp_0.7.csv
P74,3.0,3.0,3.0,FINAL_gender_non-gender_fem_male_temp_0.7.csv
P76,3.0,2.0,,FINAL_gender_non-gender_fem_male_temp_0.7.csv
P77,3.0,2.0,2.0,FINAL_gender_non-gender_fem_male_temp_0.7.csv
P78,2.0,2.0,2.0,FINAL_gender_non-gender_fem_male_temp_0.7.csv
P79,3.0,3.0,3.0,FINAL_gender_non-gender_fem_male_temp_0.7.csv
P8,2.0,2.0,2.0,FINAL_gender_non-gender_fem_male_temp_0.7.csv
P80,3.0,2.0,,FINAL_gender_non-gender_fem_male_temp_0.7.csv
P81,3.0,2.0,,FINAL_gender_non-gender_fem_male_temp_0.7.csv
P83,3.0,2.0,,FINAL_gender_non-gender_fem_male_temp_0.7.csv
P84,3.0,3.0,3.0,FINAL_gender_non-gender_fem_male_temp_0.7.csv
P85,4.0,4.0,,FINAL_gender_non-gender_fem_male_temp_0.7.csv
P86,3.0,2.0,2.0,FINAL_gender_non-gender_fem_male_temp_0.7.csv
P89,2.0,2.0,2.0,FINAL_gender_non-gender_fem_male_temp_0.7.csv
PP1,3.0,2.0,2.0,FINAL_gender_non-gender_fem_male_temp_0.7.csv
PP10,2.0,2.0,3.0,FINAL_gender_non-gender_fem_male_temp_0.7.csv
PP11,3.0,3.0,,FINAL_gender_non-gender_fem_male_temp_0.7.csv
PP12,3.0,3.0,3.0,FINAL_gender_non-gender_fem_male_temp_0.7.csv
PP13,2.0,3.0,3.0,FINAL_gender_non-gender_fem_male_temp_0.7.csv
PP14,3.0,2.0,,FINAL_gender_non-gender_fem_male_temp_0.7.csv
PP15,3.0,2.0,3.0,FINAL_gender_non-gender_fem_male_temp_0.7.csv
PP16,4.0,3.0,4.0,FINAL_gender_non-gender_fem_male_temp_0.7.csv
PP17,3.0,3.0,,FINAL_gender_non-gender_fem_male_temp_0.7.csv
PP20,3.0,2.0,,FINAL_gender_non-gender_fem_male_temp_0.7.csv
PP21,2.0,2.0,2.0,FINAL_gender_non-gender_fem_male_temp_0.7.csv
PP22,4.0,3.0,,FINAL_gender_non-gender_fem_male_temp_0.7.csv
PP24,3.0,4.0,4.0,FINAL_gender_non-gender_fem_male_temp_0.7.csv
PP25,3.0,3.0,,FINAL_gender_non-gender_fem_male_temp_0.7.csv
PP27,3.0,2.0,2.0,FINAL_gender_non-gender_fem_male_temp_0.7.csv
PP29,3.0,3.0,,FINAL_gender_non-gender_fem_male_temp_0.7.csv
PP3,2.0,2.0,,FINAL_gender_non-gender_fem_male_temp_0.7.csv
PP30,3.0,3.0,3.0,FINAL_gender_non-gender_fem_male_temp_0.7.csv
PP31,4.0,3.0,3.0,FINAL_gender_non-gender_fem_male_temp_0.7.csv
PP32,2.0,2.0,2.0,FINAL_gender_non-gender_fem_male_temp_0.7.csv
PP33,3.0,4.0,,FINAL_gender_non-gender_fem_male_temp_0.7.csv
PP34,4.0,3.0,,FINAL_gender_non-gender_fem_male_temp_0.7.csv
PP35,3.0,2.0,,FINAL_gender_non-gender_fem_male_temp_0.7.csv
PP37,4.0,3.0,,FINAL_gender_non-gender_fem_male_temp_0.7.csv
PP4,2.0,3.0,4.0,FINAL_gender_non-gender_fem_male_temp_0.7.csv
PP42,4.0,4.0,,FINAL_gender_non-gender_fem_male_temp_0.7.csv
PP43,2.0,2.0,2.0,FINAL_gender_non-gender_fem_male_temp_0.7.csv
PP44,3.0,3.0,,FINAL_gender_non-gender_fem_male_temp_0.7.csv
PP45,3.0,2.0,,FINAL_gender_non-gender_fem_male_temp_0.7.csv
PP47,3.0,2.0,2.0,FINAL_gender_non-gender_fem_male_temp_0.7.csv
PP48,3.0,2.0,,FINAL_gender_non-gender_fem_male_temp_0.7.csv
PP49,4.0,4.0,,FINAL_gender_non-gender_fem_male_temp_0.7.csv
PP5,3.0,2.0,,FINAL_gender_non-gender_fem_male_temp_0.7.csv
PP50,2.0,2.0,,FINAL_gender_non-gender_fem_male_temp_0.7.csv
PP52,2.0,2.0,2.0,FINAL_gender_non-gender_fem_male_temp_0.7.csv
PP53,2.0,2.0,,FINAL_gender_non-gender_fem_male_temp_0.7.csv
PP55,2.0,2.0,2.0,FINAL_gender_non-gender_fem_male_temp_0.7.csv
PP56,2.0,2.0,2.0,FINAL_gender_non-gender_fem_male_temp_0.7.csv
PP57,4.0,4.0,5.0,FINAL_gender_non-gender_fem_male_temp_0.7.csv
PP58,3.0,3.0,,FINAL_gender_non-gender_fem_male_temp_0.7.csv
PP59,3.0,2.0,3.0,FINAL_gender_non-gender_fem_male_temp_0.7.csv
PP6,2.0,3.0,4.0,FINAL_gender_non-gender_fem_male_temp_0.7.csv
PP60,3.0,4.0,3.0,FINAL_gender_non-gender_fem_male_temp_0.7.csv
PP61,2.0,2.0,2.0,FINAL_gender_non-gender_fem_male_temp_0.7.csv
PP62,4.0,4.0,4.0,FINAL_gender_non-gender_fem_male_temp_0.7.csv
PP63,2.0,2.0,,FINAL_gender_non-gender_fem_male_temp_0.7.csv
PP64,2.0,2.0,,FINAL_gender_non-gender_fem_male_temp_0.7.csv
PP65,2.0,3.0,,FINAL_gender_non-gender_fem_male_temp_0.7.csv
PP66,4.0,5.0,4.0,FINAL_gender_non-gender_fem_male_temp_0.7.csv
PP67,4.0,3.0,4.0,FINAL_gender_non-gender_fem_male_temp_0.7.csv
PP69,3.0,2.0,3.0,FINAL_gender_non-gender_fem_male_temp_0.7.csv
PP7,2.0,3.0,4.0,FINAL_gender_non-gender_fem_male_temp_0.7.csv
PP70,2.0,2.0,3.0,FINAL_gender_non-gender_fem_male_temp_0.7.csv
PP71,4.0,4.0,,FINAL_gender_non-gender_fem_male_temp_0.7.csv
PP72,3.0,2.0,,FINAL_gender_non-gender_fem_male_temp_0.7.csv
PP73,4.0,4.0,,FINAL_gender_non-gender_fem_male_temp_0.7.csv
PP74,2.0,2.0,3.0,FINAL_gender_non-gender_fem_male_temp_0.7.csv
PP76,4.0,4.0,4.0,FINAL_gender_non-gender_fem_male_temp_0.7.csv
PP77,3.0,3.0,,FINAL_gender_non-gender_fem_male_temp_0.7.csv
PP78,2.0,2.0,,FINAL_gender_non-gender_fem_male_temp_0.7.csv
PP79,2.0,2.0,2.0,FINAL_gender_non-gender_fem_male_temp_0.7.csv
PP8,3.0,2.0,4.0,FINAL_gender_non-gender_fem_male_temp_0.7.csv
PP80,3.0,3.0,,FINAL_gender_non-gender_fem_male_temp_0.7.csv
PP81,4.0,3.0,,FINAL_gender_non-gender_fem_male_temp_0.7.csv
PP83,3.0,2.0,2.0,FINAL_gender_non-gender_fem_male_temp_0.7.csv
PP84,3.0,2.0,4.0,FINAL_gender_non-gender_fem_male_temp_0.7.csv
PP85,4.0,4.0,2.0,FINAL_gender_non-gender_fem_male_temp_0.7.csv
PP86,2.0,3.0,3.0,FINAL_gender_non-gender_fem_male_temp_0.7.csv
PP89,2.0,2.0,2.0,FINAL_gender_non-gender_fem_male_temp_0.7.csv
P1,3.0,3.0,,FINAL_non-gender_gender_fem_male_temp_0.5-v2.csv
P10,3.0,2.0,4.0,FINAL_non-gender_gender_fem_male_temp_0.5-v2.csv
P11,2.0,3.0,3.0,FINAL_non-gender_gender_fem_male_temp_0.5-v2.csv
P12,2.0,2.0,2.0,FINAL_non-gender_gender_fem_male_temp_0.5-v2.csv
P13,3.0,3.0,,FINAL_non-gender_gender_fem_male_temp_0.5-v2.csv
P14,4.0,4.0,4.0,FINAL_non-gender_gender_fem_male_temp_0.5-v2.csv
P15,2.0,2.0,,FINAL_non-gender_gender_fem_male_temp_0.5-v2.csv
P16,4.0,4.0,3.0,FINAL_non-gender_gender_fem_male_temp_0.5-v2.csv
P17,2.0,2.0,2.0,FINAL_non-gender_gender_fem_male_temp_0.5-v2.csv
P20,2.0,3.0,,FINAL_non-gender_gender_fem_male_temp_0.5-v2.csv
P21,2.0,2.0,2.0,FINAL_non-gender_gender_fem_male_temp_0.5-v2.csv
P22,3.0,4.0,,FINAL_non-gender_gender_fem_male_temp_0.5-v2.csv
P24,3.0,3.0,,FINAL_non-gender_gender_fem_male_temp_0.5-v2.csv
P25,2.0,2.0,2.0,FINAL_non-gender_gender_fem_male_temp_0.5-v2.csv
P27,3.0,3.0,3.0,FINAL_non-gender_gender_fem_male_temp_0.5-v2.csv
P29,3.0,3.0,3.0,FINAL_non-gender_gender_fem_male_temp_0.5-v2.csv
P3,2.0,2.0,,FINAL_non-gender_gender_fem_male_temp_0.5-v2.csv
P30,2.0,2.0,2.0,FINAL_non-gender_gender_fem_male_temp_0.5-v2.csv
P31,2.0,2.0,2.0,FINAL_non-gender_gender_fem_male_temp_0.5-v2.csv
P32,4.0,3.0,4.0,FINAL_non-gender_gender_fem_male_temp_0.5-v2.csv
P33,2.0,2.0,,FINAL_non-gender_gender_fem_male_temp_0.5-v2.csv
P34,4.0,4.0,4.0,FINAL_non-gender_gender_fem_male_temp_0.5-v2.csv
P35,3.0,3.0,,FINAL_non-gender_gender_fem_male_temp_0.5-v2.csv
P37,2.0,2.0,,FINAL_non-gender_gender_fem_male_temp_0.5-v2.csv
P4,2.0,2.0,3.0,FINAL_non-gender_gender_fem_male_temp_0.5-v2.csv
P42,4.0,2.0,,FINAL_non-gender_gender_fem_male_temp_0.5-v2.csv
P43,2.0,2.0,2.0,FINAL_non-gender_gender_fem_male_temp_0.5-v2.csv
P44,3.0,3.0,,FINAL_non-gender_gender_fem_male_temp_0.5-v2.csv
P45,3.0,2.0,,FINAL_non-gender_gender_fem_male_temp_0.5-v2.csv
P47,2.0,1.0,,FINAL_non-gender_gender_fem_male_temp_0.5-v2.csv
P48,3.0,3.0,3.0,FINAL_non-gender_gender_fem_male_temp_0.5-v2.csv
P49,4.0,4.0,4.0,FINAL_non-gender_gender_fem_male_temp_0.5-v2.csv
P5,3.0,3.0,3.0,FINAL_non-gender_gender_fem_male_temp_0.5-v2.csv
P50,2.0,3.0,2.0,FINAL_non-gender_gender_fem_male_temp_0.5-v2.csv
P52,2.0,2.0,2.0,FINAL_non-gender_gender_fem_male_temp_0.5-v2.csv
P53,3.0,3.0,,FINAL_non-gender_gender_fem_male_temp_0.5-v2.csv
P55,2.0,2.0,2.0,FINAL_non-gender_gender_fem_male_temp_0.5-v2.csv
P56,3.0,2.0,,FINAL_non-gender_gender_fem_male_temp_0.5-v2.csv
P57,4.0,4.0,,FINAL_non-gender_gender_fem_male_temp_0.5-v2.csv
P58,4.0,4.0,4.0,FINAL_non-gender_gender_fem_male_temp_0.5-v2.csv
P59,2.0,3.0,3.0,FINAL_non-gender_gender_fem_male_temp_0.5-v2.csv
P6,2.0,3.0,3.0,FINAL_non-gender_gender_fem_male_temp_0.5-v2.csv
P60,3.0,3.0,4.0,FINAL_non-gender_gender_fem_male_temp_0.5-v2.csv
P61,3.0,2.0,2.0,FINAL_non-gender_gender_fem_male_temp_0.5-v2.csv
P62,2.0,2.0,2.0,FINAL_non-gender_gender_fem_male_temp_0.5-v2.csv
P63,3.0,3.0,3.0,FINAL_non-gender_gender_fem_male_temp_0.5-v2.csv
P64,3.0,2.0,2.0,FINAL_non-gender_gender_fem_male_temp_0.5-v2.csv
P65,3.0,2.0,,FINAL_non-gender_gender_fem_male_temp_0.5-v2.csv
P66,2.0,3.0,,FINAL_non-gender_gender_fem_male_temp_0.5-v2.csv
P67,4.0,3.0,4.0,FINAL_non-gender_gender_fem_male_temp_0.5-v2.csv
P69,2.0,2.0,2.0,FINAL_non-gender_gender_fem_male_temp_0.5-v2.csv
P7,4.0,4.0,,FINAL_non-gender_gender_fem_male_temp_0.5-v2.csv
P70,2.0,2.0,2.0,FINAL_non-gender_gender_fem_male_temp_0.5-v2.csv
P71,3.0,2.0,,FINAL_non-gender_gender_fem_male_temp_0.5-v2.csv
P72,2.0,2.0,2.0,FINAL_non-gender_gender_fem_male_temp_0.5-v2.csv
P73,2.0,2.0,4.0,FINAL_non-gender_gender_fem_male_temp_0.5-v2.csv
P74,3.0,2.0,,FINAL_non-gender_gender_fem_male_temp_0.5-v2.csv
P76,2.0,3.0,,FINAL_non-gender_gender_fem_male_temp_0.5-v2.csv
P77,2.0,2.0,3.0,FINAL_non-gender_gender_fem_male_temp_0.5-v2.csv
P78,2.0,2.0,2.0,FINAL_non-gender_gender_fem_male_temp_0.5-v2.csv
P79,3.0,3.0,,FINAL_non-gender_gender_fem_male_temp_0.5-v2.csv
P8,2.0,2.0,,FINAL_non-gender_gender_fem_male_temp_0.5-v2.csv
P80,2.0,2.0,2.0,FINAL_non-gender_gender_fem_male_temp_0.5-v2.csv
P81,3.0,2.0,2.0,FINAL_non-gender_gender_fem_male_temp_0.5-v2.csv
P83,3.0,2.0,2.0,FINAL_non-gender_gender_fem_male_temp_0.5-v2.csv
P84,3.0,3.0,4.0,FINAL_non-gender_gender_fem_male_temp_0.5-v2.csv
P85,4.0,3.0,,FINAL_non-gender_gender_fem_male_temp_0.5-v2.csv
P86,2.0,2.0,2.0,FINAL_non-gender_gender_fem_male_temp_0.5-v2.csv
P89,3.0,2.0,,FINAL_non-gender_gender_fem_male_temp_0.5-v2.csv
PP1,2.0,2.0,2.0,FINAL_non-gender_gender_fem_male_temp_0.5-v2.csv
PP10,2.0,2.0,2.0,FINAL_non-gender_gender_fem_male_temp_0.5-v2.csv
PP11,2.0,2.0,2.0,FINAL_non-gender_gender_fem_male_temp_0.5-v2.csv
PP12,4.0,4.0,4.0,FINAL_non-gender_gender_fem_male_temp_0.5-v2.csv
PP13,4.0,4.0,3.0,FINAL_non-gender_gender_fem_male_temp_0.5-v2.csv
PP14,2.0,3.0,2.0,FINAL_non-gender_gender_fem_male_temp_0.5-v2.csv
PP15,3.0,2.0,3.0,FINAL_non-gender_gender_fem_male_temp_0.5-v2.csv
PP16,4.0,4.0,,FINAL_non-gender_gender_fem_male_temp_0.5-v2.csv
PP17,3.0,2.0,3.0,FINAL_non-gender_gender_fem_male_temp_0.5-v2.csv
PP20,2.0,2.0,2.0,FINAL_non-gender_gender_fem_male_temp_0.5-v2.csv
PP21,2.0,2.0,2.0,FINAL_non-gender_gender_fem_male_temp_0.5-v2.csv
PP22,4.0,4.0,,FINAL_non-gender_gender_fem_male_temp_0.5-v2.csv
PP24,3.0,3.0,3.0,FINAL_non-gender_gender_fem_male_temp_0.5-v2.csv
PP25,3.0,2.0,,FINAL_non-gender_gender_fem_male_temp_0.5-v2.csv
PP27,2.0,2.0,,FINAL_non-gender_gender_fem_male_temp_0.5-v2.csv
PP29,3.0,2.0,3.0,FINAL_non-gender_gender_fem_male_temp_0.5-v2.csv
PP3,2.0,2.0,,FINAL_non-gender_gender_fem_male_temp_0.5-v2.csv
PP30,3.0,3.0,,FINAL_non-gender_gender_fem_male_temp_0.5-v2.csv
PP31,3.0,3.0,4.0,FINAL_non-gender_gender_fem_male_temp_0.5-v2.csv
PP32,2.0,2.0,,FINAL_non-gender_gender_fem_male_temp_0.5-v2.csv
PP33,4.0,4.0,3.0,FINAL_non-gender_gender_fem_male_temp_0.5-v2.csv
PP34,4.0,3.0,3.0,FINAL_non-gender_gender_fem_male_temp_0.5-v2.csv
PP35,3.0,3.0,3.0,FINAL_non-gender_gender_fem_male_temp_0.5-v2.csv
PP37,4.0,4.0,3.0,FINAL_non-gender_gender_fem_male_temp_0.5-v2.csv
PP4,3.0,4.0,,FINAL_non-gender_gender_fem_male_temp_0.5-v2.csv
PP42,3.0,3.0,3.0,FINAL_non-gender_gender_fem_male_temp_0.5-v2.csv
PP43,2.0,2.0,2.0,FINAL_non-gender_gender_fem_male_temp_0.5-v2.csv
PP44,3.0,3.0,,FINAL_non-gender_gender_fem_male_temp_0.5-v2.csv
PP45,4.0,3.0,3.0,FINAL_non-gender_gender_fem_male_temp_0.5-v2.csv
PP47,3.0,2.0,3.0,FINAL_non-gender_gender_fem_male_temp_0.5-v2.csv
PP48,3.0,2.0,2.0,FINAL_non-gender_gender_fem_male_temp_0.5-v2.csv
PP49,4.0,3.0,,FINAL_non-gender_gender_fem_male_temp_0.5-v2.csv
PP5,3.0,3.0,,FINAL_non-gender_gender_fem_male_temp_0.5-v2.csv
PP50,3.0,2.0,,FINAL_non-gender_gender_fem_male_temp_0.5-v2.csv
PP52,2.0,2.0,2.0,FINAL_non-gender_gender_fem_male_temp_0.5-v2.csv
PP53,3.0,2.0,,FINAL_non-gender_gender_fem_male_temp_0.5-v2.csv
PP55,3.0,3.0,3.0,FINAL_non-gender_gender_fem_male_temp_0.5-v2.csv
PP56,2.0,2.0,,FINAL_non-gender_gender_fem_male_temp_0.5-v2.csv
PP57,4.0,4.0,,FINAL_non-gender_gender_fem_male_temp_0.5-v2.csv
PP58,3.0,4.0,,FINAL_non-gender_gender_fem_male_temp_0.5-v2.csv
PP59,3.0,3.0,,FINAL_non-gender_gender_fem_male_temp_0.5-v2.csv
PP6,2.0,4.0,,FINAL_non-gender_gender_fem_male_temp_0.5-v2.csv
PP60,4.0,3.0,,FINAL_non-gender_gender_fem_male_temp_0.5-v2.csv
PP61,2.0,3.0,2.0,FINAL_non-gender_gender_fem_male_temp_0.5-v2.csv
PP62,3.0,4.0,4.0,FINAL_non-gender_gender_fem_male_temp_0.5-v2.csv
PP63,2.0,2.0,2.0,FINAL_non-gender_gender_fem_male_temp_0.5-v2.csv
PP64,3.0,2.0,,FINAL_non-gender_gender_fem_male_temp_0.5-v2.csv
PP65,2.0,2.0,3.0,FINAL_non-gender_gender_fem_male_temp_0.5-v2.csv
PP66,4.0,4.0,,FINAL_non-gender_gender_fem_male_temp_0.5-v2.csv
PP67,4.0,4.0,,FINAL_non-gender_gender_fem_male_temp_0.5-v2.csv
PP69,2.0,2.0,2.0,FINAL_non-gender_gender_fem_male_temp_0.5-v2.csv
PP7,3.0,4.0,3.0,FINAL_non-gender_gender_fem_male_temp_0.5-v2.csv
PP70,2.0,2.0,3.0,FINAL_non-gender_gender_fem_male_temp_0.5-v2.csv
PP71,3.0,3.0,2.0,FINAL_non-gender_gender_fem_male_temp_0.5-v2.csv
PP72,2.0,2.0,2.0,FINAL_non-gender_gender_fem_male_temp_0.5-v2.csv
PP73,4.0,3.0,,FINAL_non-gender_gender_fem_male_temp_0.5-v2.csv
PP74,2.0,2.0,2.0,FINAL_non-gender_gender_fem_male_temp_0.5-v2.csv
PP76,4.0,4.0,4.0,FINAL_non-gender_gender_fem_male_temp_0.5-v2.csv
PP77,3.0,3.0,3.0,FINAL_non-gender_gender_fem_male_temp_0.5-v2.csv
PP78,2.0,2.0,,FINAL_non-gender_gender_fem_male_temp_0.5-v2.csv
PP79,2.0,2.0,,FINAL_non-gender_gender_fem_male_temp_0.5-v2.csv
PP8,3.0,3.0,4.0,FINAL_non-gender_gender_fem_male_temp_0.5-v2.csv
PP80,4.0,2.0,4.0,FINAL_non-gender_gender_fem_male_temp_0.5-v2.csv
PP81,2.0,3.0,2.0,FINAL_non-gender_gender_fem_male_temp_0.5-v2.csv
PP83,3.0,2.0,,FINAL_non-gender_gender_fem_male_temp_0.5-v2.csv
PP84,3.0,3.0,,FINAL_non-gender_gender_fem_male_temp_0.5-v2.csv
PP85,4.0,4.0,,FINAL_non-gender_gender_fem_male_temp_0.5-v2.csv
PP86,2.0,2.0,2.0,FINAL_non-gender_gender_fem_male_temp_0.5-v2.csv
PP89,2.0,2.0,2.0,FINAL_non-gender_gender_fem_male_temp_0.5-v2.csv
P1,3.0,3.0,,FINAL_gender_non-gender_male_fem_temp_1.csv
P10,3.0,3.0,,FINAL_gender_non-gender_male_fem_temp_1.csv
P11,2.0,2.0,2.0,FINAL_gender_non-gender_male_fem_temp_1.csv
P12,2.0,2.0,2.0,FINAL_gender_non-gender_male_fem_temp_1.csv
P13,2.0,3.0,4.0,FINAL_gender_non-gender_male_fem_temp_1.csv
P14,4.0,4.0,3.0,FINAL_gender_non-gender_male_fem_temp_1.csv
P15,2.0,3.0,,FINAL_gender_non-gender_male_fem_temp_1.csv
P16,4.0,2.0,4.0,FINAL_gender_non-gender_male_fem_temp_1.csv
P17,2.0,2.0,4.0,FINAL_gender_non-gender_male_fem_temp_1.csv
P20,3.0,2.0,2.0,FINAL_gender_non-gender_male_fem_temp_1.csv
P21,2.0,2.0,2.0,FINAL_gender_non-gender_male_fem_temp_1.csv
P22,3.0,3.0,,FINAL_gender_non-gender_male_fem_temp_1.csv
P24,3.0,2.0,4.0,FINAL_gender_non-gender_male_fem_temp_1.csv
P25,2.0,2.0,2.0,FINAL_gender_non-gender_male_fem_temp_1.csv
P27,3.0,4.0,2.0,FINAL_gender_non-gender_male_fem_temp_1.csv
P29,2.0,3.0,,FINAL_gender_non-gender_male_fem_temp_1.csv
P3,2.0,2.0,,FINAL_gender_non-gender_male_fem_temp_1.csv
P30,3.0,2.0,2.0,FINAL_gender_non-gender_male_fem_temp_1.csv
P31,2.0,2.0,,FINAL_gender_non-gender_male_fem_temp_1.csv
P32,3.0,4.0,4.0,FINAL_gender_non-gender_male_fem_temp_1.csv
P33,2.0,2.0,2.0,FINAL_gender_non-gender_male_fem_temp_1.csv
P34,3.0,4.0,,FINAL_gender_non-gender_male_fem_temp_1.csv
P35,3.0,3.0,,FINAL_gender_non-gender_male_fem_temp_1.csv
P37,2.0,2.0,,FINAL_gender_non-gender_male_fem_temp_1.csv
P4,4.0,2.0,4.0,FINAL_gender_non-gender_male_fem_temp_1.csv
P42,2.0,4.0,,FINAL_gender_non-gender_male_fem_temp_1.csv
P43,3.0,3.0,3.0,FINAL_gender_non-gender_male_fem_temp_1.csv
P44,2.0,4.0,,FINAL_gender_non-gender_male_fem_temp_1.csv
P45,2.0,2.0,3.0,FINAL_gender_non-gender_male_fem_temp_1.csv
P47,2.0,1.0,4.0,FINAL_gender_non-gender_male_fem_temp_1.csv
P48,4.0,3.0,,FINAL_gender_non-gender_male_fem_temp_1.csv
P49,4.0,4.0,5.0,FINAL_gender_non-gender_male_fem_temp_1.csv
P5,3.0,4.0,,FINAL_gender_non-gender_male_fem_temp_1.csv
P50,2.0,2.0,2.0,FINAL_gender_non-gender_male_fem_temp_1.csv
P52,2.0,2.0,3.0,FINAL_gender_non-gender_male_fem_temp_1.csv
P53,3.0,2.0,,FINAL_gender_non-gender_male_fem_temp_1.csv
P55,2.0,2.0,2.0,FINAL_gender_non-gender_male_fem_temp_1.csv
P56,2.0,2.0,2.0,FINAL_gender_non-gender_male_fem_temp_1.csv
P57,4.0,3.0,4.0,FINAL_gender_non-gender_male_fem_temp_1.csv
P58,4.0,4.0,4.0,FINAL_gender_non-gender_male_fem_temp_1.csv
P59,3.0,2.0,3.0,FINAL_gender_non-gender_male_fem_temp_1.csv
P6,2.0,3.0,2.0,FINAL_gender_non-gender_male_fem_temp_1.csv
P60,4.0,3.0,3.0,FINAL_gender_non-gender_male_fem_temp_1.csv
P61,4.0,2.0,,FINAL_gender_non-gender_male_fem_temp_1.csv
P62,2.0,2.0,,FINAL_gender_non-gender_male_fem_temp_1.csv
P63,2.0,2.0,2.0,FINAL_gender_non-gender_male_fem_temp_1.csv
P64,2.0,2.0,,FINAL_gender_non-gender_male_fem_temp_1.csv
P65,2.0,4.0,,FINAL_gender_non-gender_male_fem_temp_1.csv
P66,3.0,3.0,,FINAL_gender_non-gender_male_fem_temp_1.csv
P67,3.0,3.0,3.0,FINAL_gender_non-gender_male_fem_temp_1.csv
P69,3.0,2.0,2.0,FINAL_gender_non-gender_male_fem_temp_1.csv
P7,4.0,4.0,,FINAL_gender_non-gender_male_fem_temp_1.csv
P70,2.0,2.0,2.0,FINAL_gender_non-gender_male_fem_temp_1.csv
P71,3.0,3.0,3.0,FINAL_gender_non-gender_male_fem_temp_1.csv
P72,2.0,2.0,2.0,FINAL_gender_non-gender_male_fem_temp_1.csv
P73,4.0,2.0,,FINAL_gender_non-gender_male_fem_temp_1.csv
P74,3.0,3.0,2.0,FINAL_gender_non-gender_male_fem_temp_1.csv
P76,2.0,2.0,4.0,FINAL_gender_non-gender_male_fem_temp_1.csv
P77,3.0,2.0,,FINAL_gender_non-gender_male_fem_temp_1.csv
P78,2.0,2.0,2.0,FINAL_gender_non-gender_male_fem_temp_1.csv
P79,3.0,3.0,,FINAL_gender_non-gender_male_fem_temp_1.csv
P8,2.0,3.0,,FINAL_gender_non-gender_male_fem_temp_1.csv
P80,3.0,3.0,4.0,FINAL_gender_non-gender_male_fem_temp_1.csv
P81,2.0,3.0,,FINAL_gender_non-gender_male_fem_temp_1.csv
P83,3.0,2.0,2.0,FINAL_gender_non-gender_male_fem_temp_1.csv
P84,4.0,3.0,,FINAL_gender_non-gender_male_fem_temp_1.csv
P85,4.0,4.0,4.0,FINAL_gender_non-gender_male_fem_temp_1.csv
P86,2.0,2.0,,FINAL_gender_non-gender_male_fem_temp_1.csv
P89,2.0,2.0,,FINAL_gender_non-gender_male_fem_temp_1.csv
PP1,2.0,3.0,4.0,FINAL_gender_non-gender_male_fem_temp_1.csv
PP10,3.0,3.0,3.0,FINAL_gender_non-gender_male_fem_temp_1.csv
PP11,3.0,3.0,3.0,FINAL_gender_non-gender_male_fem_temp_1.csv
PP12,3.0,3.0,4.0,FINAL_gender_non-gender_male_fem_temp_1.csv
PP13,3.0,4.0,,FINAL_gender_non-gender_male_fem_temp_1.csv
PP14,2.0,3.0,,FINAL_gender_non-gender_male_fem_temp_1.csv
PP15,2.0,2.0,,FINAL_gender_non-gender_male_fem_temp_1.csv
PP16,3.0,3.0,,FINAL_gender_non-gender_male_fem_temp_1.csv
PP17,2.0,3.0,,FINAL_gender_non-gender_male_fem_temp_1.csv
PP20,3.0,2.0,,FINAL_gender_non-gender_male_fem_temp_1.csv
PP21,3.0,2.0,2.0,FINAL_gender_non-gender_male_fem_temp_1.csv
PP22,4.0,4.0,3.0,FINAL_gender_non-gender_male_fem_temp_1.csv
PP24,4.0,4.0,4.0,FINAL_gender_non-gender_male_fem_temp_1.csv
PP25,3.0,2.0,,FINAL_gender_non-gender_male_fem_temp_1.csv
PP27,2.0,3.0,,FINAL_gender_non-gender_male_fem_temp_1.csv
PP29,2.0,3.0,,FINAL_gender_non-gender_male_fem_temp_1.csv
PP3,2.0,3.0,2.0,FINAL_gender_non-gender_male_fem_temp_1.csv
PP30,2.0,3.0,2.0,FINAL_gender_non-gender_male_fem_temp_1.csv
PP31,3.0,3.0,2.0,FINAL_gender_non-gender_male_fem_temp_1.csv
PP32,2.0,2.0,2.0,FINAL_gender_non-gender_male_fem_temp_1.csv
PP33,4.0,3.0,,FINAL_gender_non-gender_male_fem_temp_1.csv
PP34,4.0,4.0,3.0,FINAL_gender_non-gender_male_fem_temp_1.csv
PP35,4.0,2.0,4.0,FINAL_gender_non-gender_male_fem_temp_1.csv
PP37,3.0,4.0,4.0,FINAL_gender_non-gender_male_fem_temp_1.csv
PP4,4.0,3.0,,FINAL_gender_non-gender_male_fem_temp_1.csv
PP42,4.0,3.0,3.0,FINAL_gender_non-gender_male_fem_temp_1.csv
PP43,2.0,3.0,3.0,FINAL_gender_non-gender_male_fem_temp_1.csv
PP44,3.0,2.0,,FINAL_gender_non-gender_male_fem_temp_1.csv
PP45,4.0,3.0,,FINAL_gender_non-gender_male_fem_temp_1.csv
PP47,2.0,2.0,2.0,FINAL_gender_non-gender_male_fem_temp_1.csv
PP48,3.0,2.0,3.0,FINAL_gender_non-gender_male_fem_temp_1.csv
PP49,3.0,2.0,2.0,FINAL_gender_non-gender_male_fem_temp_1.csv
PP5,3.0,3.0,,FINAL_gender_non-gender_male_fem_temp_1.csv
PP50,2.0,3.0,3.0,FINAL_gender_non-gender_male_fem_temp_1.csv
PP52,3.0,3.0,,FINAL_gender_non-gender_male_fem_temp_1.csv
PP53,2.0,2.0,2.0,FINAL_gender_non-gender_male_fem_temp_1.csv
PP55,2.0,3.0,,FINAL_gender_non-gender_male_fem_temp_1.csv
PP56,3.0,3.0,2.0,FINAL_gender_non-gender_male_fem_temp_1.csv
PP57,4.0,4.0,4.0,FINAL_gender_non-gender_male_fem_temp_1.csv
PP58,4.0,3.0,,FINAL_gender_non-gender_male_fem_temp_1.csv
PP59,2.0,2.0,3.0,FINAL_gender_non-gender_male_fem_temp_1.csv
PP6,3.0,3.0,4.0,FINAL_gender_non-gender_male_fem_temp_1.csv
PP60,3.0,2.0,,FINAL_gender_non-gender_male_fem_temp_1.csv
PP61,2.0,1.0,,FINAL_gender_non-gender_male_fem_temp_1.csv
PP62,4.0,4.0,3.0,FINAL_gender_non-gender_male_fem_temp_1.csv
PP63,3.0,3.0,,FINAL_gender_non-gender_male_fem_temp_1.csv
PP64,2.0,2.0,,FINAL_gender_non-gender_male_fem_temp_1.csv
PP65,2.0,2.0,4.0,FINAL_gender_non-gender_male_fem_temp_1.csv
PP66,5.0,4.0,,FINAL_gender_non-gender_male_fem_temp_1.csv
PP67,4.0,4.0,3.0,FINAL_gender_non-gender_male_fem_temp_1.csv
PP69,2.0,2.0,3.0,FINAL_gender_non-gender_male_fem_temp_1.csv
PP7,2.0,4.0,,FINAL_gender_non-gender_male_fem_temp_1.csv
PP70,2.0,2.0,2.0,FINAL_gender_non-gender_male_fem_temp_1.csv
PP71,3.0,2.0,,FINAL_gender_non-gender_male_fem_temp_1.csv
PP72,2.0,2.0,,FINAL_gender_non-gender_male_fem_temp_1.csv
PP73,4.0,3.0,4.0,FINAL_gender_non-gender_male_fem_temp_1.csv
PP74,2.0,2.0,3.0,FINAL_gender_non-gender_male_fem_temp_1.csv
PP76,4.0,2.0,,FINAL_gender_non-gender_male_fem_temp_1.csv
PP77,2.0,3.0,,FINAL_gender_non-gender_male_fem_temp_1.csv
PP78,3.0,2.0,4.0,FINAL_gender_non-gender_male_fem_temp_1.csv
PP79,3.0,2.0,2.0,FINAL_gender_non-gender_male_fem_temp_1.csv
PP8,4.0,3.0,3.0,FINAL_gender_non-gender_male_fem_temp_1.csv
PP80,3.0,4.0,,FINAL_gender_non-gender_male_fem_temp_1.csv
PP81,3.0,3.0,,FINAL_gender_non-gender_male_fem_temp_1.csv
PP83,2.0,2.0,2.0,FINAL_gender_non-gender_male_fem_temp_1.csv
PP84,3.0,2.0,3.0,FINAL_gender_non-gender_male_fem_temp_1.csv
PP85,4.0,2.0,,FINAL_gender_non-gender_male_fem_temp_1.csv
PP86,2.0,2.0,,FINAL_gender_non-gender_male_fem_temp_1.csv
PP89,2.0,2.0,2.0,FINAL_gender_non-gender_male_fem_temp_1.csv
P1,3.0,3.0,3.0,FINAL_gender_non-gender_fem_male_temp_0.7-v3.csv
P10,3.5,3.0,4.0,FINAL_gender_non-gender_fem_male_temp_0.7-v3.csv
P11,2.5,2.0,,FINAL_gender_non-gender_fem_male_temp_0.7-v3.csv
P12,2.0,2.0,2.5,FINAL_gender_non-gender_fem_male_temp_0.7-v3.csv
P13,3.0,2.5,2.5,FINAL_gender_non-gender_fem_male_temp_0.7-v3.csv
P14,4.0,4.0,4.0,FINAL_gender_non-gender_fem_male_temp_0.7-v3.csv
P15,2.0,2.5,2.0,FINAL_gender_non-gender_fem_male_temp_0.7-v3.csv
P16,4.0,3.5,4.0,FINAL_gender_non-gender_fem_male_temp_0.7-v3.csv
P17,2.0,1.5,2.0,FINAL_gender_non-gender_fem_male_temp_0.7-v3.csv
P20,2.5,3.0,3.0,FINAL_gender_non-gender_fem_male_temp_0.7-v3.csv
P21,2.0,2.0,2.0,FINAL_gender_non-gender_fem_male_temp_0.7-v3.csv
P22,3.5,3.5,4.0,FINAL_gender_non-gender_fem_male_temp_0.7-v3.csv
P24,4.0,4.0,3.0,FINAL_gender_non-gender_fem_male_temp_0.7-v3.csv
P25,2.5,2.0,2.0,FINAL_gender_non-gender_fem_male_temp_0.7-v3.csv
P27,3.5,3.0,4.0,FINAL_gender_non-gender_fem_male_temp_0.7-v3.csv
P29,2.0,2.5,3.0,FINAL_gender_non-gender_fem_male_temp_0.7-v3.csv
P3,2.0,2.5,2.0,FINAL_gender_non-gender_fem_male_temp_0.7-v3.csv
P30,2.5,2.0,,FINAL_gender_non-gender_fem_male_temp_0.7-v3.csv
P31,2.5,2.0,,FINAL_gender_non-gender_fem_male_temp_0.7-v3.csv
P32,3.5,3.5,3.0,FINAL_gender_non-gender_fem_male_temp_0.7-v3.csv
P33,2.0,2.0,,FINAL_gender_non-gender_fem_male_temp_0.7-v3.csv
P34,4.0,4.0,4.0,FINAL_gender_non-gender_fem_male_temp_0.7-v3.csv
P35,3.0,3.0,4.0,FINAL_gender_non-gender_fem_male_temp_0.7-v3.csv
P37,2.0,2.0,2.0,FINAL_gender_non-gender_fem_male_temp_0.7-v3.csv
P4,3.0,2.0,3.0,FINAL_gender_non-gender_fem_male_temp_0.7-v3.csv
P42,3.5,2.5,3.0,FINAL_gender_non-gender_fem_male_temp_0.7-v3.csv
P43,2.0,2.0,3.0,FINAL_gender_non-gender_fem_male_temp_0.7-v3.csv
P44,3.0,2.5,4.0,FINAL_gender_non-gender_fem_male_temp_0.7-v3.csv
P45,2.0,2.0,2.5,FINAL_gender_non-gender_fem_male_temp_0.7-v3.csv
P47,2.0,1.5,1.5,FINAL_gender_non-gender_fem_male_temp_0.7-v3.csv
P48,3.0,3.0,3.0,FINAL_gender_non-gender_fem_male_temp_0.7-v3.csv
P49,3.5,4.0,,FINAL_gender_non-gender_fem_male_temp_0.7-v3.csv
P5,3.5,2.0,,FINAL_gender_non-gender_fem_male_temp_0.7-v3.csv
P50,2.5,2.5,2.5,FINAL_gender_non-gender_fem_male_temp_0.7-v3.csv
P52,2.0,2.0,2.0,FINAL_gender_non-gender_fem_male_temp_0.7-v3.csv
P53,2.0,2.0,2.5,FINAL_gender_non-gender_fem_male_temp_0.7-v3.csv
P55,2.5,2.0,2.0,FINAL_gender_non-gender_fem_male_temp_0.7-v3.csv
P56,2.5,2.5,4.0,FINAL_gender_non-gender_fem_male_temp_0.7-v3.csv
P57,4.0,4.0,,FINAL_gender_non-gender_fem_male_temp_0.7-v3.csv
P58,3.5,3.5,,FINAL_gender_non-gender_fem_male_temp_0.7-v3.csv
P59,2.0,2.5,3.5,FINAL_gender_non-gender_fem_male_temp_0.7-v3.csv
P6,2.0,2.0,2.0,FINAL_gender_non-gender_fem_male_temp_0.7-v3.csv
P60,3.0,3.0,,FINAL_gender_non-gender_fem_male_temp_0.7-v3.csv
P61,3.5,2.5,3.0,FINAL_gender_non-gender_fem_male_temp_0.7-v3.csv
P62,2.0,2.0,2.0,FINAL_gender_non-gender_fem_male_temp_0.7-v3.csv
P63,2.5,2.0,3.0,FINAL_gender_non-gender_fem_male_temp_0.7-v3.csv
P64,2.0,2.5,,FINAL_gender_non-gender_fem_male_temp_0.7-v3.csv
P65,3.0,2.0,2.0,FINAL_gender_non-gender_fem_male_temp_0.7-v3.csv
P66,3.0,3.5,4.0,FINAL_gender_non-gender_fem_male_temp_0.7-v3.csv
P67,3.0,2.0,,FINAL_gender_non-gender_fem_male_temp_0.7-v3.csv
P69,2.0,2.0,2.5,FINAL_gender_non-gender_fem_male_temp_0.7-v3.csv
P7,4.0,4.0,3.0,FINAL_gender_non-gender_fem_male_temp_0.7-v3.csv
P70,3.0,2.0,2.0,FINAL_gender_non-gender_fem_male_temp_0.7-v3.csv
P71,2.5,2.0,3.0,FINAL_gender_non-gender_fem_male_temp_0.7-v3.csv
P72,2.0,2.0,2.0,FINAL_gender_non-gender_fem_male_temp_0.7-v3.csv
P73,3.0,2.0,3.0,FINAL_gender_non-gender_fem_male_temp_0.7-v3.csv
P74,3.0,3.0,3.0,FINAL_gender_non-gender_fem_male_temp_0.7-v3.csv
P76,3.0,2.0,2.0,FINAL_gender_non-gender_fem_male_temp_0.7-v3.csv
P77,2.0,2.5,3.0,FINAL_gender_non-gender_fem_male_temp_0.7-v3.csv
P78,2.5,2.0,2.0,FINAL_gender_non-gender_fem_male_temp_0.7-v3.csv
P79,2.5,2.5,,FINAL_gender_non-gender_fem_male_temp_0.7-v3.csv
P8,2.5,2.0,,FINAL_gender_non-gender_fem_male_temp_0.7-v3.csv
P80,2.0,3.0,3.0,FINAL_gender_non-gender_fem_male_temp_0.7-v3.csv
P81,2.5,2.5,3.0,FINAL_gender_non-gender_fem_male_temp_0.7-v3.csv
P83,2.0,2.0,2.0,FINAL_gender_non-gender_fem_male_temp_0.7-v3.csv
P84,3.5,2.5,3.5,FINAL_gender_non-gender_fem_male_temp_0.7-v3.csv
P85,3.5,3.5,4.0,FINAL_gender_non-gender_fem_male_temp_0.7-v3.csv
P86,2.0,2.0,,FINAL_gender_non-gender_fem_male_temp_0.7-v3.csv
P89,2.0,2.0,2.0,FINAL_gender_non-gender_fem_male_temp_0.7-v3.csv
PP1,2.0,2.0,2.0,FINAL_gender_non-gender_fem_male_temp_0.7-v3.csv
PP10,2.5,2.0,2.0,FINAL_gender_non-gender_fem_male_temp_0.7-v3.csv
PP11,2.5,2.5,2.0,FINAL_gender_non-gender_fem_male_temp_0.7-v3.csv
PP12,4.0,4.0,3.0,FINAL_gender_non-gender_fem_male_temp_0.7-v3.csv
PP13,3.0,3.0,,FINAL_gender_non-gender_fem_male_temp_0.7-v3.csv
PP14,2.5,2.0,3.0,FINAL_gender_non-gender_fem_male_temp_0.7-v3.csv
PP15,3.0,3.0,,FINAL_gender_non-gender_fem_male_temp_0.7-v3.csv
PP16,3.5,4.0,4.0,FINAL_gender_non-gender_fem_male_temp_0.7-v3.csv
PP17,2.5,2.0,2.0,FINAL_gender_non-gender_fem_male_temp_0.7-v3.csv
PP20,2.5,2.0,,FINAL_gender_non-gender_fem_male_temp_0.7-v3.csv
PP21,2.0,2.0,2.0,FINAL_gender_non-gender_fem_male_temp_0.7-v3.csv
PP22,3.5,4.0,4.0,FINAL_gender_non-gender_fem_male_temp_0.7-v3.csv
PP24,3.5,2.5,2.5,FINAL_gender_non-gender_fem_male_temp_0.7-v3.csv
PP25,4.0,3.0,4.0,FINAL_gender_non-gender_fem_male_temp_0.7-v3.csv
PP27,2.0,2.0,2.0,FINAL_gender_non-gender_fem_male_temp_0.7-v3.csv
PP29,3.0,3.0,3.0,FINAL_gender_non-gender_fem_male_temp_0.7-v3.csv
PP3,2.0,2.5,2.5,FINAL_gender_non-gender_fem_male_temp_0.7-v3.csv
PP30,4.0,2.5,3.5,FINAL_gender_non-gender_fem_male_temp_0.7-v3.csv
PP31,3.0,4.0,4.0,FINAL_gender_non-gender_fem_male_temp_0.7-v3.csv
PP32,2.0,2.0,2.0,FINAL_gender_non-gender_fem_male_temp_0.7-v3.csv
PP33,4.0,4.0,,FINAL_gender_non-gender_fem_male_temp_0.7-v3.csv
PP34,3.0,3.0,4.0,FINAL_gender_non-gender_fem_male_temp_0.7-v3.csv
PP35,3.0,2.5,3.0,FINAL_gender_non-gender_fem_male_temp_0.7-v3.csv
PP37,3.5,4.0,3.0,FINAL_gender_non-gender_fem_male_temp_0.7-v3.csv
PP4,3.0,4.0,3.0,FINAL_gender_non-gender_fem_male_temp_0.7-v3.csv
PP42,2.0,3.5,4.0,FINAL_gender_non-gender_fem_male_temp_0.7-v3.csv
PP43,2.0,2.0,2.0,FINAL_gender_non-gender_fem_male_temp_0.7-v3.csv
PP44,2.5,3.0,,FINAL_gender_non-gender_fem_male_temp_0.7-v3.csv
PP45,3.0,3.5,3.0,FINAL_gender_non-gender_fem_male_temp_0.7-v3.csv
PP47,2.5,2.5,,FINAL_gender_non-gender_fem_male_temp_0.7-v3.csv
PP48,2.0,2.0,2.0,FINAL_gender_non-gender_fem_male_temp_0.7-v3.csv
PP49,4.0,3.5,3.0,FINAL_gender_non-gender_fem_male_temp_0.7-v3.csv
PP5,2.5,3.5,3.0,FINAL_gender_non-gender_fem_male_temp_0.7-v3.csv
PP50,2.0,2.0,2.0,FINAL_gender_non-gender_fem_male_temp_0.7-v3.csv
PP52,3.0,2.5,2.0,FINAL_gender_non-gender_fem_male_temp_0.7-v3.csv
PP53,2.0,2.5,2.0,FINAL_gender_non-gender_fem_male_temp_0.7-v3.csv
PP55,3.5,2.5,3.0,FINAL_gender_non-gender_fem_male_temp_0.7-v3.csv
PP56,2.0,2.0,2.0,FINAL_gender_non-gender_fem_male_temp_0.7-v3.csv
PP57,4.0,4.0,4.0,FINAL_gender_non-gender_fem_male_temp_0.7-v3.csv
PP58,3.5,3.0,3.5,FINAL_gender_non-gender_fem_male_temp_0.7-v3.csv
PP59,3.0,2.0,,FINAL_gender_non-gender_fem_male_temp_0.7-v3.csv
PP6,4.0,3.0,2.0,FINAL_gender_non-gender_fem_male_temp_0.7-v3.csv
PP60,2.5,3.5,3.0,FINAL_gender_non-gender_fem_male_temp_0.7-v3.csv
PP61,2.5,2.0,2.0,FINAL_gender_non-gender_fem_male_temp_0.7-v3.csv
PP62,4.0,3.5,3.0,FINAL_gender_non-gender_fem_male_temp_0.7-v3.csv
PP63,2.5,2.0,3.0,FINAL_gender_non-gender_fem_male_temp_0.7-v3.csv
PP64,3.0,2.0,3.0,FINAL_gender_non-gender_fem_male_temp_0.7-v3.csv
PP65,2.0,2.5,2.5,FINAL_gender_non-gender_fem_male_temp_0.7-v3.csv
PP66,4.5,4.0,5.0,FINAL_gender_non-gender_fem_male_temp_0.7-v3.csv
PP67,3.5,4.0,4.0,FINAL_gender_non-gender_fem_male_temp_0.7-v3.csv
PP69,2.0,2.5,2.0,FINAL_gender_non-gender_fem_male_temp_0.7-v3.csv
PP7,3.0,3.5,3.0,FINAL_gender_non-gender_fem_male_temp_0.7-v3.csv
PP70,2.0,2.5,2.0,FINAL_gender_non-gender_fem_male_temp_0.7-v3.csv
PP71,3.0,3.0,,FINAL_gender_non-gender_fem_male_temp_0.7-v3.csv
PP72,2.5,2.0,,FINAL_gender_non-gender_fem_male_temp_0.7-v3.csv
PP73,4.0,3.5,4.0,FINAL_gender_non-gender_fem_male_temp_0.7-v3.csv
PP74,2.5,2.5,,FINAL_gender_non-gender_fem_male_temp_0.7-v3.csv
PP76,4.0,3.5,4.0,FINAL_gender_non-gender_fem_male_temp_0.7-v3.csv
PP77,3.0,2.5,3.0,FINAL_gender_non-gender_fem_male_temp_0.7-v3.csv
PP78,2.0,2.0,2.0,FINAL_gender_non-gender_fem_male_temp_0.7-v3.csv
PP79,2.0,2.5,2.0,FINAL_gender_non-gender_fem_male_temp_0.7-v3.csv
PP8,3.5,2.5,,FINAL_gender_non-gender_fem_male_temp_0.7-v3.csv
PP80,3.0,3.0,3.0,FINAL_gender_non-gender_fem_male_temp_0.7-v3.csv
PP81,3.0,2.0,3.0,FINAL_gender_non-gender_fem_male_temp_0.7-v3.csv
PP83,3.0,2.5,2.5,FINAL_gender_non-gender_fem_male_temp_0.7-v3.csv
PP84,3.0,2.5,3.0,FINAL_gender_non-gender_fem_male_temp_0.7-v3.csv
PP85,4.0,3.5,3.0,FINAL_gender_non-gender_fem_male_temp_0.7-v3.csv
PP86,2.0,2.5,3.0,FINAL_gender_non-gender_fem_male_temp_0.7-v3.csv
PP89,2.5,2.0,2.0,FINAL_gender_non-gender_fem_male_temp_0.7-v3.csv
P1,3.0,2.0,,FINAL_gender_non-gender_fem_male_temp_0.7-v2.csv
P10,3.0,2.0,,FINAL_gender_non-gender_fem_male_temp_0.7-v2.csv
P11,2.0,2.0,,FINAL_gender_non-gender_fem_male_temp_0.7-v2.csv
P12,2.0,3.0,3.0,FINAL_gender_non-gender_fem_male_temp_0.7-v2.csv
P13,3.0,3.0,3.0,FINAL_gender_non-gender_fem_male_temp_0.7-v2.csv
P14,3.0,4.0,4.0,FINAL_gender_non-gender_fem_male_temp_0.7-v2.csv
P15,2.0,2.0,3.0,FINAL_gender_non-gender_fem_male_temp_0.7-v2.csv
P16,4.0,3.0,4.0,FINAL_gender_non-gender_fem_male_temp_0.7-v2.csv
P17,2.0,2.0,2.0,FINAL_gender_non-gender_fem_male_temp_0.7-v2.csv
P20,2.0,3.0,3.0,FINAL_gender_non-gender_fem_male_temp_0.7-v2.csv
P21,2.0,1.0,,FINAL_gender_non-gender_fem_male_temp_0.7-v2.csv
P22,4.0,4.0,,FINAL_gender_non-gender_fem_male_temp_0.7-v2.csv
P24,3.0,4.0,4.0,FINAL_gender_non-gender_fem_male_temp_0.7-v2.csv
P25,2.0,2.0,,FINAL_gender_non-gender_fem_male_temp_0.7-v2.csv
P27,4.0,2.0,4.0,FINAL_gender_non-gender_fem_male_temp_0.7-v2.csv
P29,2.0,2.0,,FINAL_gender_non-gender_fem_male_temp_0.7-v2.csv
P3,3.0,2.0,,FINAL_gender_non-gender_fem_male_temp_0.7-v2.csv
P30,2.0,2.0,2.0,FINAL_gender_non-gender_fem_male_temp_0.7-v2.csv
P31,2.0,2.0,,FINAL_gender_non-gender_fem_male_temp_0.7-v2.csv
P32,4.0,4.0,4.0,FINAL_gender_non-gender_fem_male_temp_0.7-v2.csv
P33,2.0,2.0,,FINAL_gender_non-gender_fem_male_temp_0.7-v2.csv
P34,4.0,3.0,4.0,FINAL_gender_non-gender_fem_male_temp_0.7-v2.csv
P35,3.0,4.0,3.0,FINAL_gender_non-gender_fem_male_temp_0.7-v2.csv
P37,2.0,2.0,2.0,FINAL_gender_non-gender_fem_male_temp_0.7-v2.csv
P4,4.0,3.0,,FINAL_gender_non-gender_fem_male_temp_0.7-v2.csv
P42,3.0,3.0,,FINAL_gender_non-gender_fem_male_temp_0.7-v2.csv
P43,3.0,2.0,3.0,FINAL_gender_non-gender_fem_male_temp_0.7-v2.csv
P44,2.0,2.0,2.0,FINAL_gender_non-gender_fem_male_temp_0.7-v2.csv
P45,2.0,2.0,3.0,FINAL_gender_non-gender_fem_male_temp_0.7-v2.csv
P47,2.0,1.0,2.0,FINAL_gender_non-gender_fem_male_temp_0.7-v2.csv
P48,3.0,2.0,,FINAL_gender_non-gender_fem_male_temp_0.7-v2.csv
P49,3.0,3.0,4.0,FINAL_gender_non-gender_fem_male_temp_0.7-v2.csv
P5,3.0,4.0,,FINAL_gender_non-gender_fem_male_temp_0.7-v2.csv
P50,2.0,2.0,2.0,FINAL_gender_non-gender_fem_male_temp_0.7-v2.csv
P52,2.0,2.0,2.0,FINAL_gender_non-gender_fem_male_temp_0.7-v2.csv
P53,2.0,3.0,3.0,FINAL_gender_non-gender_fem_male_temp_0.7-v2.csv
P55,2.0,2.0,2.0,FINAL_gender_non-gender_fem_male_temp_0.7-v2.csv
P56,3.0,2.0,3.0,FINAL_gender_non-gender_fem_male_temp_0.7-v2.csv
P57,3.0,4.0,,FINAL_gender_non-gender_fem_male_temp_0.7-v2.csv
P58,4.0,4.0,4.0,FINAL_gender_non-gender_fem_male_temp_0.7-v2.csv
P59,3.0,2.0,3.0,FINAL_gender_non-gender_fem_male_temp_0.7-v2.csv
P6,2.0,2.0,2.0,FINAL_gender_non-gender_fem_male_temp_0.7-v2.csv
P60,3.0,3.0,4.0,FINAL_gender_non-gender_fem_male_temp_0.7-v2.csv
P61,3.0,2.0,3.0,FINAL_gender_non-gender_fem_male_temp_0.7-v2.csv
P62,2.0,2.0,,FINAL_gender_non-gender_fem_male_temp_0.7-v2.csv
P63,3.0,2.0,3.0,FINAL_gender_non-gender_fem_male_temp_0.7-v2.csv
P64,2.0,2.0,2.0,FINAL_gender_non-gender_fem_male_temp_0.7-v2.csv
P65,2.0,3.0,,FINAL_gender_non-gender_fem_male_temp_0.7-v2.csv
P66,4.0,2.0,4.0,FINAL_gender_non-gender_fem_male_temp_0.7-v2.csv
P67,3.0,4.0,,FINAL_gender_non-gender_fem_male_temp_0.7-v2.csv
P69,2.0,2.0,2.0,FINAL_gender_non-gender_fem_male_temp_0.7-v2.csv
P7,4.0,4.0,3.0,FINAL_gender_non-gender_fem_male_temp_0.7-v2.csv
P70,2.0,2.0,2.0,FINAL_gender_non-gender_fem_male_temp_0.7-v2.csv
P71,2.0,3.0,,FINAL_gender_non-gender_fem_male_temp_0.7-v2.csv
P72,2.0,2.0,2.0,FINAL_gender_non-gender_fem_male_temp_0.7-v2.csv
P73,4.0,2.0,,FINAL_gender_non-gender_fem_male_temp_0.7-v2.csv
P74,3.0,3.0,,FINAL_gender_non-gender_fem_male_temp_0.7-v2.csv
P76,4.0,3.0,2.0,FINAL_gender_non-gender_fem_male_temp_0.7-v2.csv
P77,2.0,3.0,2.0,FINAL_gender_non-gender_fem_male_temp_0.7-v2.csv
P78,2.0,2.0,2.0,FINAL_gender_non-gender_fem_male_temp_0.7-v2.csv
P79,3.0,2.0,,FINAL_gender_non-gender_fem_male_temp_0.7-v2.csv
P8,2.0,2.0,,FINAL_gender_non-gender_fem_male_temp_0.7-v2.csv
P80,2.0,3.0,4.0,FINAL_gender_non-gender_fem_male_temp_0.7-v2.csv
P81,3.0,2.0,3.0,FINAL_gender_non-gender_fem_male_temp_0.7-v2.csv
P83,3.0,2.0,2.0,FINAL_gender_non-gender_fem_male_temp_0.7-v2.csv
P84,4.0,3.0,,FINAL_gender_non-gender_fem_male_temp_0.7-v2.csv
P85,4.0,3.0,,FINAL_gender_non-gender_fem_male_temp_0.7-v2.csv
P86,3.0,2.0,2.0,FINAL_gender_non-gender_fem_male_temp_0.7-v2.csv
P89,2.0,2.0,2.0,FINAL_gender_non-gender_fem_male_temp_0.7-v2.csv
PP1,2.0,2.0,,FINAL_gender_non-gender_fem_male_temp_0.7-v2.csv
PP10,3.0,2.0,3.0,FINAL_gender_non-gender_fem_male_temp_0.7-v2.csv
PP11,2.0,3.0,3.0,FINAL_gender_non-gender_fem_male_temp_0.7-v2.csv
PP12,4.0,3.0,4.0,FINAL_gender_non-gender_fem_male_temp_0.7-v2.csv
PP13,3.0,3.0,3.0,FINAL_gender_non-gender_fem_male_temp_0.7-v2.csv
PP14,2.0,2.0,,FINAL_gender_non-gender_fem_male_temp_0.7-v2.csv
PP15,2.0,3.0,,FINAL_gender_non-gender_fem_male_temp_0.7-v2.csv
PP16,4.0,3.0,,FINAL_gender_non-gender_fem_male_temp_0.7-v2.csv
PP17,2.0,3.0,,FINAL_gender_non-gender_fem_male_temp_0.7-v2.csv
PP20,2.0,3.0,,FINAL_gender_non-gender_fem_male_temp_0.7-v2.csv
PP21,2.0,2.0,,FINAL_gender_non-gender_fem_male_temp_0.7-v2.csv
PP22,4.0,4.0,,FINAL_gender_non-gender_fem_male_temp_0.7-v2.csv
PP24,3.0,3.0,3.0,FINAL_gender_non-gender_fem_male_temp_0.7-v2.csv
PP25,2.0,2.0,,FINAL_gender_non-gender_fem_male_temp_0.7-v2.csv
PP27,2.0,2.0,2.0,FINAL_gender_non-gender_fem_male_temp_0.7-v2.csv
PP29,2.0,2.0,,FINAL_gender_non-gender_fem_male_temp_0.7-v2.csv
PP3,2.0,2.0,,FINAL_gender_non-gender_fem_male_temp_0.7-v2.csv
PP30,2.0,3.0,3.0,FINAL_gender_non-gender_fem_male_temp_0.7-v2.csv
PP31,4.0,3.0,4.0,FINAL_gender_non-gender_fem_male_temp_0.7-v2.csv
PP32,3.0,2.0,,FINAL_gender_non-gender_fem_male_temp_0.7-v2.csv
PP33,4.0,4.0,3.0,FINAL_gender_non-gender_fem_male_temp_0.7-v2.csv
PP34,4.0,2.0,4.0,FINAL_gender_non-gender_fem_male_temp_0.7-v2.csv
PP35,2.0,2.0,2.0,FINAL_gender_non-gender_fem_male_temp_0.7-v2.csv
PP37,4.0,4.0,,FINAL_gender_non-gender_fem_male_temp_0.7-v2.csv
PP4,2.0,3.0,,FINAL_gender_non-gender_fem_male_temp_0.7-v2.csv
PP42,4.0,3.0,4.0,FINAL_gender_non-gender_fem_male_temp_0.7-v2.csv
PP43,2.0,2.0,3.0,FINAL_gender_non-gender_fem_male_temp_0.7-v2.csv
PP44,3.0,2.0,4.0,FINAL_gender_non-gender_fem_male_temp_0.7-v2.csv
PP45,3.0,4.0,2.0,FINAL_gender_non-gender_fem_male_temp_0.7-v2.csv
PP47,2.0,2.0,,FINAL_gender_non-gender_fem_male_temp_0.7-v2.csv
PP48,2.0,3.0,2.0,FINAL_gender_non-gender_fem_male_temp_0.7-v2.csv
PP49,4.0,4.0,,FINAL_gender_non-gender_fem_male_temp_0.7-v2.csv
PP5,3.0,3.0,2.0,FINAL_gender_non-gender_fem_male_temp_0.7-v2.csv
PP50,2.0,2.0,2.0,FINAL_gender_non-gender_fem_male_temp_0.7-v2.csv
PP52,2.0,2.0,3.0,FINAL_gender_non-gender_fem_male_temp_0.7-v2.csv
PP53,3.0,3.0,,FINAL_gender_non-gender_fem_male_temp_0.7-v2.csv
PP55,3.0,2.0,3.0,FINAL_gender_non-gender_fem_male_temp_0.7-v2.csv
PP56,3.0,2.0,,FINAL_gender_non-gender_fem_male_temp_0.7-v2.csv
PP57,4.0,4.0,,FINAL_gender_non-gender_fem_male_temp_0.7-v2.csv
PP58,3.0,3.0,4.0,FINAL_gender_non-gender_fem_male_temp_0.7-v2.csv
PP59,3.0,2.0,,FINAL_gender_non-gender_fem_male_temp_0.7-v2.csv
PP6,4.0,4.0,,FINAL_gender_non-gender_fem_male_temp_0.7-v2.csv
PP60,2.0,2.0,,FINAL_gender_non-gender_fem_male_temp_0.7-v2.csv
PP61,2.0,2.0,2.0,FINAL_gender_non-gender_fem_male_temp_0.7-v2.csv
PP62,4.0,4.0,,FINAL_gender_non-gender_fem_male_temp_0.7-v2.csv
PP63,2.0,2.0,2.0,FINAL_gender_non-gender_fem_male_temp_0.7-v2.csv
PP64,2.0,2.0,,FINAL_gender_non-gender_fem_male_temp_0.7-v2.csv
PP65,3.0,2.0,2.0,FINAL_gender_non-gender_fem_male_temp_0.7-v2.csv
PP66,4.0,4.0,4.0,FINAL_gender_non-gender_fem_male_temp_0.7-v2.csv
PP67,3.0,4.0,,FINAL_gender_non-gender_fem_male_temp_0.7-v2.csv
PP69,2.0,2.0,3.0,FINAL_gender_non-gender_fem_male_temp_0.7-v2.csv
PP7,3.0,4.0,3.0,FINAL_gender_non-gender_fem_male_temp_0.7-v2.csv
PP70,2.0,3.0,2.0,FINAL_gender_non-gender_fem_male_temp_0.7-v2.csv
PP71,4.0,3.0,3.0,FINAL_gender_non-gender_fem_male_temp_0.7-v2.csv
PP72,3.0,2.0,2.0,FINAL_gender_non-gender_fem_male_temp_0.7-v2.csv
PP73,3.0,3.0,,FINAL_gender_non-gender_fem_male_temp_0.7-v2.csv
PP74,3.0,2.0,3.0,FINAL_gender_non-gender_fem_male_temp_0.7-v2.csv
PP76,4.0,3.0,,FINAL_gender_non-gender_fem_male_temp_0.7-v2.csv
PP77,3.0,2.0,,FINAL_gender_non-gender_fem_male_temp_0.7-v2.csv
PP78,2.0,2.0,2.0,FINAL_gender_non-gender_fem_male_temp_0.7-v2.csv
PP79,2.0,2.0,,FINAL_gender_non-gender_fem_male_temp_0.7-v2.csv
PP8,4.0,3.0,3.0,FINAL_gender_non-gender_fem_male_temp_0.7-v2.csv
PP80,3.0,3.0,,FINAL_gender_non-gender_fem_male_temp_0.7-v2.csv
PP81,4.0,3.0,2.0,FINAL_gender_non-gender_fem_male_temp_0.7-v2.csv
PP83,2.0,2.0,2.0,FINAL_gender_non-gender_fem_male_temp_0.7-v2.csv
PP84,3.0,3.0,4.0,FINAL_gender_non-gender_fem_male_temp_0.7-v2.csv
PP85,4.0,4.0,4.0,FINAL_gender_non-gender_fem_male_temp_0.7-v2.csv
PP86,2.0,2.0,3.0,FINAL_gender_non-gender_fem_male_temp_0.7-v2.csv
PP89,2.0,3.0,,FINAL_gender_non-gender_fem_male_temp_0.7-v2.csv
